train_losses,val_losses
0.02986118364422396,0.04716037102562189
0.0010601163462339318,0.0006970637906524353
0.000523296573984233,0.0004251209564150777
0.00037687873454870716,0.000320327320854587
0.00029938102543244894,0.0002787540305982111
0.0002552157897875004,0.00023775083108083344
0.00022793205524510995,0.0002801939227611292
0.00020933516727095411,0.00022842033927340525
0.00019439620223594828,0.00019736176422436257
0.00018367686059875995,0.00018281718529685167
