train_losses,val_losses
0.05325883404887098,0.0349474504457128
0.002294760894502716,0.002176478671206597
0.001984349490657297,0.0017582530311894176
0.0016565197325413045,0.0015168229376595244
0.001376473351844325,0.0014039853528867098
0.0011809429860694623,0.0012485151394008456
0.0010687597242249373,0.0011378926241375575
0.0009964404889691641,0.0009858927603127925
0.0009338880069321633,0.0008708538515588556
0.0008700170684271258,0.0008888221313317667
