train_losses,val_losses
0.08446645423233509,0.0402394832728807
0.002599765776321292,0.002108396305625215
0.002091206220164895,0.0018854788200848777
0.0019070706543885172,0.0018194537812872501
0.0016568514385633172,0.0015519282528552968
0.0014245169128384442,0.0012152432924067444
0.0012472926000319422,0.001261769689272975
0.0011442483452614397,0.0010512444959066766
0.001054529507663101,0.0009932808554269817
0.000999903755467385,0.0009432842844383806
