train_losses,val_losses
0.0595726378626261,0.059104445661102484
0.0021778152950182607,0.0018905067497792048
0.0019873342963987886,0.001843428298838804
0.0017540749339808482,0.0016142693676219635
0.0016111722598332065,0.0015304074122459049
0.0014814948991660316,0.0014312142453225796
0.0013501394250637331,0.0012896609535538038
0.0012218286374597895,0.0011867371201246452
0.0010963323178137055,0.0010377014146121912
0.0010321574098475796,0.0009351615024843436
