train_losses,val_losses
0.014743214523778298,0.04085971023991704
0.001794380154368082,0.0008492881478578784
0.000572539505625191,0.000460914114994157
0.0003850099710494487,0.00033104356667950925
0.0003235499953611634,0.0003012224525329293
0.0002911639700304204,0.0002896377609171032
0.0002693794195535156,0.0002571766547382867
0.00025386767069342567,0.0002784947352671225
0.00024271104963571814,0.00026096304873382905
0.00023265775526233484,0.00025543658032001985
