train_losses,val_losses
0.012732436035120151,0.05213813068243366
0.001661855514779831,0.0009242906513119774
0.0007290779590061837,0.0006311752100028566
0.0005047113706367505,0.0004507081612341389
0.00041075858051095365,0.0004078300633224078
0.00036180430766480603,0.00032214720409044274
0.000330119613540852,0.0003362731132504732
0.00030875690512382,0.0003051233541549424
0.0002912191267463497,0.0003140419219771242
0.00027802694807218647,0.0002686337788297137
