train_losses,val_losses
0.022723692874661215,0.029934335882185765
0.002351194051509158,0.0018654080136152058
0.0016349246583447885,0.0014299568459834812
0.0011343922832694035,0.0008626219985542814
0.0006932729861583414,0.0005659636001646636
0.0004917387352495342,0.00042185255438360853
0.0004021295778232236,0.0003885239616643317
0.0003536010781726485,0.00034099820511067136
0.00032335118205391035,0.0003247867154240856
0.0003003816291878137,0.0003102470755668934
