train_losses,val_losses
0.017118588378075984,0.03849062834309954
0.0019869035090902855,0.00132068215390278
0.0007843624697592544,0.00044062363415390675
0.0003518798780633743,0.00028164448268891575
0.00025009190288243155,0.0002233317032563454
0.00020304385125248926,0.00017604593443529964
0.00017470422856164617,0.00016616997924309704
0.0001566222832179441,0.00014610939116480436
0.0001423314944839014,0.00015806644534602042
0.00013143856336570527,0.00015093518628608025
