train_losses,val_losses
0.011842323978517345,0.04209507484289395
0.0015628400944470203,0.0008445422291334232
0.000612621920043545,0.0004943385746495905
0.0004306045801581434,0.0004198124390633839
0.000362644831264347,0.0003536531092370618
0.0003239264730742377,0.0003045776061436502
0.0002977069980947843,0.0003295552142203501
0.0002801213855704505,0.0002887439102823794
0.0002662855797037941,0.0002671145262296994
0.0002554363058378,0.0002554650825481787
