train_losses,val_losses
0.0169063077134321,0.04645354495232791
0.0020117830928394237,0.0012357087337451474
0.0007333767818526753,0.0005250524985652596
0.0003605223795571305,0.00033322585235536487
0.00026206697670226364,0.0002337476651274651
0.00021752269453801553,0.00022032031780161264
0.00018990112599574473,0.0002154660880096053
0.00017090839024865018,0.0001829926397360355
0.00015727836530727996,0.00015950967012950457
0.0001466784587460014,0.00014118344362496
