train_losses,val_losses
0.011698394511778653,0.036012021777972116
0.0015395625995220858,0.0007412398556357635
0.0005767785442919717,0.0004856003050592893
0.0004085124128028084,0.0003806839361724639
0.0003479595860861527,0.00032665518669431145
0.0003138763374750867,0.0002948092462016086
0.0002903865654919383,0.0002813358343074039
0.0002725567210607586,0.00027200399145429214
0.0002595752910823205,0.0002952641168329162
0.00024959693430384337,0.0002546168353502699
