train_losses,val_losses
0.012083266871049124,0.032182572574608305
0.0017436454360377455,0.0010336996898588538
0.0008142184145914421,0.0006760668153613492
0.0006145838854208223,0.0005456562330749036
0.0005191072788897374,0.00047806778193305887
0.00046110111550266863,0.00043891189430355965
0.00042611167139417454,0.0004689433534600055
0.000399175916778609,0.0003778095982057706
0.0003788980448351879,0.00042940742786878427
0.00036289626138413014,0.00034403021773033994
