train_losses,val_losses
0.020446891369602756,0.042057562090678645
0.002227302159940331,0.0016789679909915084
0.0013084328801990647,0.0010400111987505804
0.0008857251814983408,0.000743988113393879
0.0006798525334893379,0.0006279180489851559
0.0005684217731385835,0.0005513318118083746
0.0004993225991991645,0.0004898363315113442
0.00045236129338094077,0.00042908361878596845
0.00041891270896987723,0.00042364054213856015
0.00039281781522712127,0.00039740007770554573
