train_losses,val_losses
0.01763270071809953,0.04987722817896378
0.0021578336222809044,0.001355031147710591
0.0007781336867180846,0.0004681018826739273
0.0003643545906634072,0.00026662825961432806
0.0002622514092998137,0.0002441616581128341
0.0002177589843968285,0.00019953118510429032
0.0001901030499208591,0.00019030853847029774
0.0001730812910929061,0.00020079633232732388
0.00015682624184297224,0.00015222845284260857
0.00014607578682672792,0.00014946926880773752
