train_losses,val_losses
0.04074540758733638,0.03252221614914015
0.0030421032371050387,0.002312897889231681
0.0021647806039531135,0.00203894286967261
0.001958986606214603,0.0018859264435057413
0.0018150349413434015,0.00175704493879457
0.0016907058367727585,0.0016547558772668709
0.0015796945399280957,0.00153613159735105
0.0014729449389302316,0.0014283101093096775
0.0013307556109248254,0.0012220791161540547
0.0011004032404580357,0.0009790570931887488
