train_losses,val_losses
0.013176664782949127,0.04363660543865563
0.0016070002206150912,0.0008664049465995215
0.0005671156384870355,0.0003856299344414941
0.0003241176235091961,0.000261285312975394
0.00023898145163504298,0.00022295222726748072
0.00019756945316750602,0.0002068744291527312
0.0001715158341542756,0.00017738752841412264
0.00015422572858609838,0.00017072111626247516
0.00014120452250406294,0.00018416910139390684
0.00013119620373762186,0.00011749841443753703
