train_losses,val_losses
0.018023510353147452,0.045329120936075495
0.0020530930443945126,0.0014714238033863472
0.0009571640287647206,0.0005667163125152774
0.0004157620281420543,0.00031397455828648975
0.0002802951466790563,0.0002357749230122595
0.0002232137563717365,0.0002025636874385189
0.00019099848929949497,0.00017348317705952648
0.00017022851996833176,0.00019267611498075638
0.00015492605637270503,0.0001531522479490377
0.00014236055931522493,0.00013979820465390188
