train_losses,val_losses
0.012769329395365384,0.045595364851915954
0.0016173712505528572,0.000949357297611309
0.000708462260009505,0.0005856263702068022
0.00047376093142918724,0.00041628815081620394
0.00038880994575231614,0.0003794302003487922
0.0003427111039875991,0.0003322542255640246
0.00031485003994914564,0.0003130414153710959
0.00029408003138881256,0.0003102279873626094
0.0002787872957680275,0.0002812259855532982
0.00026647373860294165,0.0002738868806904774
