train_losses,val_losses
0.013968731693080872,0.021395461915092506
0.0018785823458391815,0.0009215630326725995
0.0007580794329708837,0.0007205523614647272
0.0005267326403037498,0.00038556565885229833
0.0004260837277091877,0.0003643729701915877
0.00037035456687468157,0.000406065543790118
0.0003334060590430968,0.00045896511793129486
0.00030636937290300965,0.0002730988886103012
0.0002890195680047069,0.00031442446854490806
0.0002710571312987774,0.00028870812885742065
