train_losses,val_losses
0.010621577296734777,0.0359665988443415
0.0014880494289031957,0.0008852714127721767
0.0006501532143848947,0.0005206299166517935
0.00047678536009880263,0.00042683358317795655
0.0004037902134891855,0.00036823187193088503
0.0003652024209235157,0.0003376448449673744
0.00033947787670607555,0.0003323448438510691
0.0003194411794093174,0.00032479084480048866
0.00030557397876421823,0.0003107498455910413
0.000293127470870853,0.0002846694646908936
