train_losses,val_losses
0.013312648099681829,0.009022708898733836
0.0022578886259248246,0.0018639849969567148
0.0017316194320635987,0.0016423836998129264
0.0015685971432070074,0.0015272544195424416
0.001466482022679629,0.0014306178832484875
0.0013898265709332918,0.0013529368161046295
0.0013275784651952563,0.0012993514737940858
0.001275804538398079,0.0012929687031148934
0.0012296146237880021,0.0012225104559128522
0.001185519647309484,0.0011827329972165172
