train_losses,val_losses
0.014827142403276481,0.04588700018066665
0.00174486026241438,0.0008838825576352084
0.0005876635345572714,0.00043729073384012393
0.00033506871682060157,0.00029135175540086536
0.0002521600950643532,0.00023142097039534072
0.00020853182689933712,0.00017656724712644537
0.0001806630267300079,0.00016430688720604983
0.00016319253619555816,0.0001837842428997707
0.00015001507220914674,0.00014607405622503073
0.00014009963295458528,0.00014848846946088272
