train_losses,val_losses
0.011745822961567905,0.03933648369336196
0.0014074208159889695,0.0007171251080712197
0.00045971246723110345,0.00038389054386854044
0.0002944853093101956,0.00026895586807314004
0.00023222743811215379,0.0002478235727781496
0.0001966929018138611,0.00020697702964828812
0.0001743594120338746,0.00016306601014811636
0.00015891935762862573,0.00016973003347977574
0.0001468270441123872,0.0001723423713399064
0.00013615606829780433,0.00014838443099086186
