train_losses,val_losses
0.032920063635817357,0.03720781868442814
0.002768627088039099,0.0020878047383257143
0.0018632928668216246,0.0016764716816076329
0.001445952321088141,0.0012873655148422285
0.0011175321177372432,0.0009664208002355072
0.000871651261650401,0.0007734365986110045
0.0007139434799989658,0.0006474104715776495
0.0006116314756345468,0.0006058706258739049
0.0005397437381308775,0.0005206047727980582
0.0004867671238197183,0.0005239462052006238
