train_losses,val_losses
0.010051772660341114,0.021504829220823942
0.0015322512813721405,0.000763940847819089
0.0005916719100510236,0.0005223731142049655
0.0004649367836347519,0.0004194689279953018
0.0004132083872915027,0.0003495886022179329
0.00038218517925579364,0.0003563657637609285
0.0003613346852557443,0.0003597053468678205
0.00034533642843209234,0.00033707968840477405
0.0003323140345500069,0.0003085279280534014
0.00032055067875681926,0.0003220132806638139
