train_losses,val_losses
0.013675977959690937,0.017924694142807958
0.002055567790176203,0.0012307312335067698
0.0009250904913996971,0.0007872186272606903
0.0007482344365418228,0.0006645655424431509
0.0006742989972296342,0.0005978658004442446
0.0006391333751655788,0.0006857786016120622
0.000619075090402167,0.0006630483283525187
0.0006061125659534227,0.0006667191212356683
0.0005992583292064227,0.000624350173385003
0.0005961389193147984,0.0006127743752936742
