train_losses,val_losses
0.010765087911735562,0.030474126931509516
0.0016441163333280415,0.0009287065171774583
0.0007181604637408779,0.0005773657051957873
0.0005168163942851078,0.0004566160148872224
0.00043617501647116657,0.00038328743046832896
0.000393079328585828,0.00040389209110851005
0.00036315843581393586,0.00038730578835936445
0.00034101966834437466,0.0003518153250751802
0.000323263229541696,0.0003139080654096335
0.000308819700485484,0.0003135255923941134
