train_losses,val_losses
0.011729374167053669,0.04307252272544214
0.0015244033527154728,0.0008550934607897403
0.0006043997198741461,0.0004889550847824434
0.0004390923404434671,0.00037969306199941175
0.0003744872494193478,0.00037725834401124457
0.00033846641091526904,0.00035912914506601966
0.0003117483592656256,0.0003205285474646194
0.0002946970374545965,0.0003075335035219713
0.00028041574134728207,0.00026744297808656167
0.0002683811331230138,0.00028835868836178956
