train_losses,val_losses
0.014599168079672637,0.03353036658731864
0.0018155404718086003,0.0012175319507055611
0.0008299266794105457,0.0005920268877487467
0.0004792497872089486,0.0004157497887257563
0.00035580208771202775,0.0003336908228052798
0.0002905163350278191,0.0002752543821314921
0.0002458542492714663,0.00026988267122142755
0.0002151725967264609,0.0002139372795422789
0.00019163565831548728,0.00018771393681432365
0.00017370895936553884,0.0001805138071157715
