train_losses,val_losses
0.019113825842527084,0.047350574225295476
0.0021025411286821794,0.0015263342755073113
0.0009706811049376704,0.0006121167937904671
0.0004236697630885148,0.0003223580264664411
0.0002813591344244692,0.00026054842254974166
0.00022303243343863805,0.00022827146387484636
0.00019115604682762484,0.00017050100928927444
0.00017027012954935175,0.0001982717258668788
0.0001569077009934783,0.00015188118129221345
0.0001442774444286097,0.0001351594224550913
