train_losses,val_losses
0.018460141609908276,0.04833394742483291
0.001996222144423361,0.0012496298328848303
0.000961463789928407,0.0007652935867553374
0.0006499639683142393,0.000558853486858686
0.0005112361484135048,0.0004508722244466067
0.0004295203018310671,0.00040404057797473577
0.00037822246843828366,0.0003470466733839489
0.00034055242175849373,0.0003282001417692194
0.0003114239203704792,0.0003211250159548796
0.00029058285441335236,0.0002848440618338183
