train_losses,val_losses
0.01638547217399852,0.0401609799322933
0.0018778565040198324,0.0009345656570747861
0.0005467744044506205,0.00035745360708657267
0.00029586198895549255,0.00027671691805688115
0.0002252425784210419,0.00019857152165655073
0.00019010159261874753,0.00024018798576899524
0.00016708537391268603,0.0001632112077992216
0.00015011801153881195,0.00013460057020134596
0.00013861490379577833,0.0001224613832133156
0.00013043283903795298,0.00010849149871509452
