train_losses,val_losses
0.02277527418203634,0.03659292411351329
0.0022250568921495153,0.0017455886724913887
0.0015256634683346285,0.0012819642509692216
0.0009811672477199418,0.0007297665625665013
0.0005897667937877408,0.00047935456081878424
0.0004338319399200078,0.00040053196581993117
0.00036503966536310207,0.00035852864266390136
0.0003255832878925302,0.00032986424581568055
0.00029839698172250915,0.0002967166144398974
0.00027861549381801953,0.00027934625491485065
