train_losses,val_losses
0.015532419228052426,0.011207460404295296
0.0021531848618452382,0.0009623838660647113
0.0008137167803496167,0.000616913134961594
0.0006471266713306116,0.0005572576285210762
0.0005842046954752371,0.0004794398469397961
0.0005367044227749994,0.00048020946049437467
0.000508218842735697,0.0005154636942023066
0.0004871941091206782,0.00045636125274766965
0.0004707592140390196,0.0004021968041832225
0.000445935257764139,0.00041245177490156125
