train_losses,val_losses
5.747935939348561,0.1356851042254834
0.1365426171807358,0.13615302458457335
0.13654138720253284,0.13565537353110627
0.13652745423138665,0.13741285021581714
0.13654860738246077,0.13717016995572304
0.1365406455080179,0.1388077147392992
0.13652751201301996,0.13630512018490296
0.136529557105075,0.1371375259021658
0.13653059778652557,0.1372753418803148
0.13600268978325944,0.13584700701968633
