train_losses,val_losses
0.011673288425335354,0.04167709990623375
0.0014200066701532776,0.0007614795148026002
0.0005649444983412803,0.0004723062760590547
0.0003833536199570041,0.0003132098747918898
0.0003012363240729484,0.00031538799796267515
0.0002556830495687524,0.0002642525584778314
0.0002268565911555893,0.0001959570162450888
0.00020594287879083324,0.00017860341705795422
0.0001883212984718327,0.00020964112603465027
0.00017469345189477615,0.00017395048742483153
