train_losses,val_losses
0.014185650477652962,0.0461781602537705
0.001794337222642861,0.0008914182977600751
0.0005952494351002691,0.0004303460190134656
0.00039487752128408065,0.00037398243087454955
0.0003305732345865813,0.0003153015837050804
0.00029679418581018697,0.0002965250442180983
0.0002749698214849886,0.00032460308547705867
0.00025958054721080405,0.0002492507187502233
0.00024720666183328076,0.000268629540573315
0.00023679076828645506,0.00026534648272858504
