train_losses,val_losses
0.014045595461693056,0.042676502135859766
0.0016766341558172356,0.0008483180143387144
0.0005631164985204623,0.0004285234953456357
0.0003394634589876891,0.00029123312486223623
0.00025719455293964386,0.00023727054072924408
0.00021144042266864167,0.0002328582011553483
0.0001852923848753163,0.00018472251132393554
0.00016357671634055257,0.00016378562659410048
0.0001514710349508935,0.0002670041560187089
0.0001389170144463615,0.00014821293034198135
