train_losses,val_losses
0.014473216209366717,0.040187673789029495
0.0016611217347687415,0.0009401683300151652
0.0006222358052585706,0.000444063309466048
0.00036153612128035867,0.0002995981934323146
0.00026994998139474836,0.00021398034283141254
0.0002217513934079676,0.0002413598300303912
0.00019235545737969682,0.00019412753850903285
0.00017020325082396157,0.00018877980998785826
0.00015359249538942707,0.00016547402609883404
0.00014220358667108138,0.0001366209527366258
