train_losses,val_losses
0.019996365044011356,0.038756127315707885
0.0021467486083775653,0.0016380966697052662
0.0012440813629684092,0.0008499601898010948
0.0005839541046936494,0.00043614872632005783
0.0003395866375857849,0.0003011520016668932
0.00025576465433954686,0.00027989256020098164
0.00021065139042690856,0.0002260552061267889
0.00018173420163840423,0.00018763398818953938
0.00016251480622409895,0.00018661915811466276
0.00014833621307361542,0.00017393173158258775
