train_losses,val_losses
0.028220048014517347,0.05620433269257582
0.002793659000723363,0.0020680918506935228
0.0018663982065561353,0.0016762790741654556
0.0014257726741172601,0.001203814251781152
0.0009306735428992103,0.0007100438423574927
0.0006025818346458186,0.0005415802333587492
0.0004710635900534301,0.00044585581000620945
0.00040543138898456,0.0003916481366979413
0.00036514508388449737,0.00038212885934191525
0.0003375405830415715,0.0003253998965790962
