train_losses,val_losses
0.011984264343281023,0.03697952391585653
0.001447462928515106,0.0007116680613111943
0.0005031988822397823,0.00038978717931247877
0.0003173644391209857,0.0002816975100958387
0.00025274634266720015,0.0002337340736093237
0.00021749103109071244,0.00024959900313368546
0.00019386825371272673,0.00024232609242864716
0.00017711901755359727,0.000194840776883348
0.00016466324994174306,0.00014990878679996963
0.00015345433542616392,0.00016008785940381653
