train_losses,val_losses
0.01520516953603849,0.006724487941594145
0.003324958288123435,0.0031588223057786398
0.0032270619340401094,0.003261966424619113
0.00319552536786753,0.0034050092153773723
0.003174041455919218,0.0031878133420937807
0.0031623380961332773,0.003156311592462207
0.00315280205624945,0.0030921286451145668
0.003152268318400394,0.003196504718404921
0.003149329639604627,0.0032100471001902248
0.0031472050307457633,0.00315542008470727
