train_losses,val_losses
0.02293823714463519,0.05434010488020848
0.0024539810221476913,0.0017615328122997174
0.0014222030348358921,0.0012124477598614318
0.0009975427134041011,0.0008623370153023033
0.0007708739216694781,0.0006883112227275821
0.0006436566898009579,0.0006040926641342159
0.0005645108493892313,0.0005247220130950027
0.0005084013950507545,0.0004685880828884054
0.0004664715062310191,0.0004495113394843932
0.0004353704511622084,0.00042955670330484957
