train_losses,val_losses
0.012041899925180804,0.04126655499492495
0.001460583073321071,0.0007600421575243295
0.0005648825277696705,0.00043781583613033146
0.0003783398886445392,0.0003219666217785445
0.0002993016247427239,0.00026721098595345027
0.0002570200301416361,0.00024245598272774855
0.00022808210420016936,0.00021764545852561768
0.00020808668742941869,0.00018128791777138932
0.00019340890489870206,0.00028033977984946474
0.0001808726496003166,0.0002057841483619432
