train_losses,val_losses
0.018378048202052036,0.03619223500196524
0.0020932134286330414,0.0015403751615058795
0.0010440960787225428,0.0005872076582079764
0.0004330789913935998,0.0003218764252129144
0.0002857603109305657,0.00025832875164516933
0.00022579537460092216,0.00020235417406901001
0.00019286412235909307,0.00017491945342060716
0.00016970748554684089,0.00016974948728794946
0.00015359145849430954,0.00017432592877884018
0.00014281039081559733,0.00014020417027401448
