train_losses,val_losses
0.01157946983911318,0.028404307303772608
0.0017609778794132733,0.0012183871999166033
0.000896657117090464,0.0006870731389289761
0.0005803911093058353,0.0005276045125660234
0.00046114627610552587,0.0004292550699108715
0.0004042903681026265,0.0003906561331552354
0.0003707676456027924,0.0003622391239923806
0.0003474431317475757,0.0003521876830602653
0.0003293577273643442,0.0003300260784123987
0.00031571672583092754,0.000324269060151714
