train_losses,val_losses
0.028507571230753113,0.021827909523118905
0.0025935344364470887,0.002043160720609602
0.0018785305234344724,0.0017586955996208272
0.0016592404123616413,0.0015769534572558416
0.0014954794762319827,0.0014252688669942155
0.001354531747803565,0.001289393130769384
0.0011950266898857094,0.00110039938613971
0.0009427238121368128,0.0008059967063714254
0.000698994320435623,0.0006190630998411768
0.0005493560607056298,0.0004976207624429436
