train_losses,val_losses
0.00942093393488399,0.03103637023543273
0.0013084192647872112,0.0006310776574114598
0.00047080514792831167,0.00034286337338577553
0.0003304499003496046,0.0002701782647545164
0.0002741401122344208,0.0002381996678049914
0.0002415548165286447,0.0002842636676585494
0.00021832875677105733,0.00018887199923353572
0.0002015362099994487,0.0002564802203489117
0.00019074242417124534,0.00017889120075370663
0.00018112875483183754,0.00016137637507655117
