train_losses,val_losses
0.026690041040480138,0.04488004327091165
0.0024864999435171486,0.0018237410354269951
0.0016351493766903877,0.0014977022227317491
0.0013376095402128994,0.001207179810875292
0.0010068225389197468,0.0008707282360063187
0.0007352703730110079,0.0006548537852648776
0.0005562618055865168,0.0004962982152318887
0.00042401919188536706,0.000395526534615567
0.00033115113959182054,0.00030536112575015875
0.0002740298262769356,0.0002597304982731108
