train_losses,val_losses
0.012720895998535646,0.03973439913843397
0.001563802161091371,0.0009298257359244888
0.0005353948371803757,0.0003820087055868383
0.000319522438102179,0.0004038899450629474
0.00024747671907495355,0.0002478266586796031
0.00021001341796399864,0.0001949633675181766
0.00018506353177563846,0.00024858195375235644
0.0001681897391868508,0.0002325129237753229
0.00015408307777638034,0.000143102991704448
0.00014244862532567212,0.00018979817776078003
