train_losses,val_losses
0.022336379964869507,0.03244593680336936
0.0023063822819485756,0.0017996975754813948
0.001554810943207707,0.0013236969812299411
0.0010698994045484148,0.0008618707263617933
0.0006854613149996795,0.0005553765228739041
0.00045518642172893487,0.00038069457245354333
0.00033533445202700313,0.00030315734188186453
0.0002689227946269178,0.00025398441453712784
0.00022793293666745296,0.00022459093485516362
0.0002001170606547126,0.00021205208838494992
