train_losses,val_losses
0.010561029084553338,0.030915172806585695
0.0014475238201161551,0.0007477325028184292
0.0005973920078701136,0.0005340700942691813
0.0004009466105678884,0.00033431991518915923
0.00032006619351556727,0.00025785470371350415
0.00027271299588300897,0.0003157825734234397
0.00024483505368274135,0.0002571504226594424
0.0002208087774786463,0.00017575371974123917
0.00020637800444060723,0.00020139328841409855
0.00019362586490501428,0.00017480063237187898
