train_losses,val_losses
0.01696235173594672,0.03588603353617713
0.0020535707173605622,0.0013975244527650648
0.0008120294003194794,0.0005977230598432652
0.00044308652787362007,0.00038187710817102924
0.00035491267433560096,0.0003287641873409484
0.00031294932356389836,0.0003240740796404134
0.0002865861774320638,0.00027237568852568074
0.00026809617564271777,0.00029190953898589213
0.0002541544241454085,0.00024718024649706424
0.0002425521527322053,0.00023262945137430505
