train_losses,val_losses
0.01429223658420262,0.036882201178446414
0.0018120410201289997,0.0009320868536933267
0.000612601284270404,0.0004712989056751394
0.00039437364642235477,0.0003735759560540464
0.0003270297094819307,0.00030358112232799613
0.0002928366870966875,0.00030462429758688816
0.00027082969796608265,0.00027406670891548854
0.00025482589318674855,0.0002646433983878887
0.0002421645913888551,0.0002634439024553831
0.00023246681678118877,0.00023574718476447742
