train_losses,val_losses
0.023977532372080133,0.046930337762238795
0.0025171998708470554,0.0018359604977618354
0.001479480519947304,0.0011018650077904862
0.0007999095982248645,0.0005877109736366115
0.0004801837504390306,0.00041864065782924655
0.0003543957749922981,0.0003232826450105286
0.00028844723781927696,0.00025925702585038557
0.00024790394716987265,0.0002450384913708129
0.00022168133705877964,0.00025161289922681607
0.0002003589919184559,0.0002282242550219729
