train_losses,val_losses
0.027483101175959267,0.050128202098698185
0.002482298430430746,0.0019095878122570974
0.0016344282769924386,0.0014098823406255845
0.0011002995534995065,0.0007835697583279681
0.0005880241033076932,0.00046134752072650475
0.0003830507390831087,0.0003154805380913915
0.0002984977614292335,0.00027854581190040715
0.00024977559371539514,0.0002655458304632141
0.0002201264382109756,0.00021492868445411806
0.00019648692891227075,0.00024293595270578777
