train_losses,val_losses
0.025526861927981415,0.019254433865308753
0.002733733043190932,0.002153253857097995
0.00197648783910875,0.001847154426898511
0.001749529181973258,0.0016766595549798022
0.001588343136238422,0.001512416896138004
0.0014271179052061408,0.001348651551668875
0.001268344416950705,0.0012109502185588758
0.0011417870065337952,0.00109024214046583
0.0010441709587949242,0.0010091020295078682
0.0009695580938133104,0.0009477160395562296
