train_losses,val_losses
0.013857850824086927,0.03992268790102098
0.0017704632657853836,0.00099009572039231
0.000639715774626552,0.00046745658080399154
0.00040490543067267027,0.00037710545041936714
0.00033279907832127264,0.0003081353688914078
0.00029510452227600584,0.0002893262408309056
0.00027066138809697123,0.0002636496189849822
0.0002537890358625305,0.00023992072928444942
0.0002407447605537186,0.0002681268581776294
0.0002316528319847805,0.0002323001948414003
