train_losses,val_losses
0.015389505243794302,0.0496854891540911
0.001851384923994033,0.0010838309237421913
0.0007468811392205132,0.0005373398270026165
0.0004584541109166179,0.0003946936923205422
0.00036721853866557785,0.00033050044074886255
0.000321059201660814,0.00031037073866077423
0.00029285543251254706,0.0002863328695531601
0.0002735176980510591,0.00028950209813776985
0.00025902174016666744,0.0002527089561431496
0.00024715771087452707,0.0002519838729279005
