train_losses,val_losses
0.8424308053617362,0.13509698667409933
0.135412516657965,0.13556561239916898
0.13541167704080143,0.13506021623206393
0.1354127390790223,0.13517927891375955
0.13541627449548266,0.13509118558861297
0.13541346320173728,0.1351165654238741
0.13541576148723497,0.13515105535964764
0.13541376460091586,0.13513166153769252
0.13541304740406096,0.1350648609040109
0.13537837079624843,0.1350875452772224
