train_losses,val_losses
0.024475653742467983,0.03492435433905572
0.0023259007265726906,0.0018147332646817086
0.001627112874858285,0.0014476776381779927
0.0011863176179459332,0.0009593862223082396
0.000756284719103678,0.0006266541381622665
0.0005258637977729631,0.0004666620000356488
0.00042387505990755016,0.00039974778888245057
0.00036777876842580555,0.00035279869892034183
0.0003321348827467682,0.0003265569017265807
0.0003064539153035912,0.0002969306610564672
