train_losses,val_losses
0.01391207412574977,0.04115349300781924
0.0015949148861094428,0.0008119834079832319
0.0005448655815735651,0.0003671510127106808
0.0003216633088204786,0.0002693110521994571
0.00024108538824532086,0.0002267415157841405
0.00020006436152778496,0.00021003978689361274
0.00017385291652266806,0.00020892825036679554
0.00015589061921893294,0.00013636644965428726
0.00014286508336188326,0.00014659842229604824
0.00013092745444456998,0.0001240850148350611
