train_losses,val_losses
0.015220815354921067,0.0405794914118605
0.0017831452018326431,0.0009934852838336928
0.0006400898947859077,0.00041832255982534575
0.00034811797113004167,0.0002850175549672945
0.00025369683797796645,0.0002140054860905874
0.00020500367830028488,0.00019988067280923347
0.00017663877796874223,0.0001786027266244771
0.00015663102376509516,0.00014830149071749405
0.00014286103127911175,0.00014022180113753709
0.0001317539255894577,0.0001372194291652868
