train_losses,val_losses
0.014451460518253712,0.04028569211598106
0.001752152310759364,0.0008522031444511799
0.000532161569304477,0.00037906160477529894
0.0002951915814175956,0.0002877476409171273
0.0002259015771759577,0.0002596155266493143
0.00019185844343236165,0.0002101858583409996
0.00016937593741952502,0.00015763471112077734
0.00015412675466929153,0.00014661125118739488
0.0001420908989844066,0.00015670105456465732
0.0001329970668672594,0.00013608353214793228
