train_losses,val_losses
0.024580033027406918,0.047787007836605694
0.0022945244848777734,0.001836608192533899
0.001595810417429668,0.0014013397298355012
0.001189469876037382,0.0010057932963023896
0.0007803526679695393,0.0006373010813438547
0.0005275539460688072,0.00045398785745051195
0.0004147584558829742,0.0004162665178194873
0.0003568913405257983,0.0003373506299115165
0.000320065469957567,0.000313244322471797
0.00029529779312812804,0.0002941511975489882
