train_losses,val_losses
0.01957063405689252,0.04219000230209372
0.00214757802884367,0.0015537677537696359
0.0009773728730357407,0.0005429432272730856
0.0004309442566028186,0.0003440707389605078
0.0003013126574088701,0.0002488231797627284
0.00024405549674444237,0.0002467691456051561
0.00020985933777559605,0.00023790743478248607
0.00018712818410848947,0.00017441943017337556
0.0001715638082212749,0.00016997954492939556
0.00015772820078209637,0.00016084522803945574
