train_losses,val_losses
0.025270906128230297,0.04808238577233552
0.0024885307377801053,0.0017156974079114025
0.0013933086352844143,0.0011162086916740844
0.000963231641148423,0.0008243846458070924
0.0007251436010135431,0.0006804408098589742
0.0005844902173003411,0.0005551117094027344
0.0004964625154324205,0.00044910105698006957
0.0004348856086314958,0.0004232459924766871
0.00038966422698483806,0.00036663381236925606
0.0003540137296846065,0.00035970116051827416
