train_losses,val_losses
0.01581482870927666,0.04013330083486519
0.0019521921707490856,0.00127169922097967
0.0007461192312608139,0.00053081079867757
0.0004231498158573514,0.0003666053794123838
0.00033982852365135733,0.0003226642819120219
0.00029883165227148357,0.0002976231092871541
0.000273035177689833,0.0002616213404048096
0.0002541423766993453,0.00025894123114151045
0.0002401712661893417,0.00025066943409061054
0.00022927902363854152,0.0002298028746868872
