train_losses,val_losses
0.011829893689074476,0.03944292109802567
0.0014635226431701745,0.0007150601284245185
0.0005067469721918166,0.00041676220200893724
0.0003198137858382196,0.0002727391546275519
0.0002548792508808927,0.00026606663080630636
0.0002195926245921883,0.0001843480367476128
0.00019761468596500088,0.00018291614679832752
0.0001794892491227747,0.00017807922477042248
0.0001654323778213059,0.00015905497213714674
0.00015523716594226732,0.00014031384873331877
