train_losses,val_losses
0.01275245728508383,0.03691598706935346
0.0017053989574928419,0.0009689364126189612
0.0007944468161585974,0.00066095885150088
0.0006028788748855295,0.0005536584088546224
0.0005098071744119516,0.00047316005000745643
0.00045732357709030473,0.0004438901090137952
0.0004228090261959733,0.0004082514035183121
0.0003960557728338026,0.00036169988790611386
0.0003775697818462795,0.00034593629221037556
0.00036148269896981946,0.0003635317818209587
