train_losses,val_losses
0.14176837723304053,0.13576213843934237
0.136532694313908,0.13572488861167803
0.1365380247139139,0.1357862887751311
0.13652366350020748,0.1358346960910596
0.1365384689796716,0.13830723170544953
0.1365389590448234,0.1356708178654313
0.1365220615192782,0.13576556390430777
0.13651538127008825,0.1375874424500391
0.13654230233086273,0.13569455988556148
0.13653620512911585,0.13633567323470488
