train_losses,val_losses
0.013780201346811695,0.04932985961470864
0.0017549210157054185,0.0010324031462515548
0.0007153780357134362,0.0005424207203704764
0.00045318790315345304,0.0003769050884196079
0.000369053762211116,0.0003402306860387666
0.00032476900703440315,0.00031584278560192584
0.0002958585456350577,0.0002916241617989992
0.00027622054301527514,0.00032189464666571753
0.00025987644868489157,0.00025396772106796024
0.00024869300717328467,0.0002609506219284597
