train_losses,val_losses
0.012509749914027386,0.03790308699077199
0.0015479328073009927,0.0007366214773520451
0.0004869030199825532,0.0003677590853397106
0.000298301276992993,0.0002556938005146894
0.00023040044068502706,0.00022119602943352504
0.00019301188149690809,0.00022407404308714726
0.0001680616083445903,0.0001609426947937962
0.0001511149610463562,0.0001774474439309033
0.00013829389082475614,0.00014237330838216087
0.0001275822939481454,0.0001335943281994698
