train_losses,val_losses
0.014184718706008103,0.04111789828355888
0.001756612603025357,0.0009320303055065165
0.0006522110737438115,0.0004902878817532605
0.0004210100590076774,0.00036617507238792773
0.000344419768356592,0.0003492104011402208
0.0003028976308939024,0.0002895105066069775
0.00027768048343739015,0.0002733938820578889
0.00025934887557696077,0.00025546894362808915
0.00024629453773542724,0.00023989893892679864
0.00023556116991621894,0.00023741034561461168
