train_losses,val_losses
0.022506410237066125,0.04887847152637925
0.0022318897393290445,0.0017056733145033218
0.0013709494501718128,0.001068235397076226
0.0007819062043928989,0.0005722861484939732
0.0004591267052332106,0.00038595203304342884
0.0003156358673006546,0.00028390628216711216
0.0002477180929010267,0.00022789654052443115
0.0002094817922610339,0.00020895965879077043
0.0001831375331172852,0.00019279479620174392
0.0001654076678834525,0.00016928416481789855
