train_losses,val_losses
0.012320791797187645,0.03870125088760257
0.0016366581035415293,0.0009311984680628521
0.0007037070835690392,0.0005237571339531569
0.00046835405294200607,0.00040138487157679627
0.00038703388542564064,0.00042911327733681536
0.00034463786883315333,0.00036004516815432
0.00031782615617147896,0.00030865565137667
0.00029865157041415475,0.0003206717917227361
0.00028365302489846364,0.00030705102977145
0.0002707575507286201,0.000278944236584095
