train_losses,val_losses
0.029937424823118692,0.03682410316004556
0.0026406140995665294,0.0020963090751895735
0.0018460661690585724,0.0016883757077594884
0.0015253301178024211,0.0014058041412086998
0.001274251875799349,0.0011828338877970398
0.0010814270448055335,0.0010467872480771883
0.0009172073606267772,0.0008521209426667603
0.0007842915338507816,0.0007411263942813047
0.0006844324160265879,0.0006551046479369103
0.0006096522109594792,0.0006083142512832388
