train_losses,val_losses
0.01684087979746541,0.03950920789078379
0.0019765519155263323,0.001294774126401224
0.0007006344751619654,0.0004582141083552986
0.00035584744898964316,0.00030047087635291043
0.0002613687376725308,0.00023046057347638868
0.0002179385787081268,0.00044638198959585186
0.0001904552729183616,0.00020257134020546744
0.0001719878663940039,0.0001639064482359667
0.00015702991622630052,0.000180281327574008
0.00014657218858506662,0.00019565107686847093
