train_losses,val_losses
0.018782551524546973,0.03903256823142139
0.002093948041076316,0.0015690072290396177
0.0010708993235124425,0.0006365172683409665
0.0004972150009774706,0.000412538027174385
0.0003764394114835896,0.00033608825039826697
0.0003235364249208295,0.00031483724644471066
0.00029243648906856275,0.00030556149271632047
0.0002710566281141103,0.00027281541265455813
0.0002549590263477581,0.0002953730880409165
0.00024295422183336443,0.0002525170956762855
