train_losses,val_losses
0.010798273296004628,0.03406536911232397
0.0014919807729530294,0.0008436035731696756
0.000656536503051775,0.0005159663442381861
0.0004758944540690391,0.000435950513553762
0.0004030153884744595,0.0003803991282026618
0.0003620948373550345,0.0003715888958178402
0.00033322179293126283,0.0003560077668318627
0.0003131735876597122,0.0003180870227434207
0.00029939841718914974,0.0003140249068934281
0.0002868816895105556,0.0003254230902720519
