train_losses,val_losses
0.015123876870621875,0.03698836071722218
0.0019047944910224662,0.0010103638482450393
0.0006440648740656515,0.0004695567985345388
0.00040551547574309646,0.00036962790780150815
0.00033745046548116917,0.00032505803749679964
0.0003017840559180181,0.0003213507954628234
0.00027866889352404786,0.0002870284388428724
0.00026172815224482414,0.0002588382188383553
0.0002492592927601843,0.00025024419343206794
0.0002383083867467093,0.00023799781731153179
