train_losses,val_losses
0.15965489283846665,0.13571796929630336
0.1354411226708239,0.13567551480119874
0.135441490210454,0.13577031956919597
0.135439594608836,0.13567667095744126
0.13543773609132476,0.13564756623987334
0.13544111992775532,0.13563482098439647
0.13543879790033755,0.13570864191938783
0.13544157852154734,0.1356530703244123
0.13543877518821687,0.13571647465700623
0.13543784647111085,0.13564092374580075
