train_losses,val_losses
0.012333058901075274,0.014712878666371106
0.0019486799692281056,0.0015597241921862588
0.0014437043420923875,0.0013692361796833574
0.0012782604842289584,0.001240688818404451
0.0011768830686504953,0.001144097309638746
0.0011095648367883404,0.001089462988122832
0.0010611200215120335,0.001064171993348282
0.0010235778507514625,0.0010075535331526772
0.000993008834287175,0.0009885925781633704
0.0009681858749460662,0.0009784989034407772
