train_losses,val_losses
0.015222830157862754,0.04034176158591136
0.001803478137703949,0.0008399778775344729
0.0005813456610043561,0.00045696548074041534
0.0003977786783861466,0.00034721505477851446
0.00033432549009001616,0.0002975813569097586
0.00029792871225697533,0.0002887246028201289
0.0002758185371901382,0.00029496234764417236
0.0002589547517335084,0.00025538253561627677
0.00024635118233516727,0.00028147231514066975
0.00023568035632002253,0.0002352571853291939
