train_losses,val_losses
0.012862263340218344,0.0044053398301944855
0.0030971108832878167,0.0029734013033818267
0.002931274043058539,0.0029126116464760067
0.002866186495950429,0.002839414373620094
0.0028112905430780176,0.0028052671813613263
0.0027718576805724152,0.0027387122023234353
0.0027356743090302164,0.0027626279086677605
0.002708132342798233,0.0026894986586411466
0.0026854148303993887,0.002698880896680421
0.0026659326984829054,0.002641101381415084
