train_losses,val_losses
0.018631204786977055,0.004980467089928449
0.0032733166685041397,0.0030863581347684876
0.00304982184979572,0.003021242247297905
0.0030003603883490657,0.0029776261019683193
0.0029673457112615463,0.002960062571403042
0.002943080474250964,0.002930156138311823
0.0029227055291489224,0.002910277182951942
0.0029047039138859697,0.002898640028702612
0.0028887139495435395,0.0028833522984557337
0.0028748867470377755,0.002866112050435103
