train_losses,val_losses
0.018164035142146803,0.03899590394222409
0.0020889947835819648,0.0015320578891253659
0.0009729413464059029,0.000522018468534566
0.0003907966539014288,0.00032307547648588133
0.00026549144677943525,0.0002351009667717541
0.00021563467829743924,0.00023674472712722014
0.0001836945780300156,0.00019255874187130046
0.0001644246690183797,0.000167017148705544
0.00015033036848809104,0.00016573033120317464
0.00013811454949105593,0.00015574850463496347
