train_losses,val_losses
148.58307246135837,0.13543635477324598
0.13610342872625014,0.13921925205625696
0.1361118636258331,0.1352148606682993
0.1361335946649071,0.13548183042038364
0.13612215876493203,0.1353689008886223
0.13608955082123375,0.13519676426369748
0.1361164352795923,0.13551244652319994
0.13610516051562893,0.13518508408066363
0.1361144794020947,0.13527815099064597
0.1361098950934336,0.13554823798525886
