train_losses,val_losses
10429264042.456232,0.1360088500251062
0.13821044845953584,0.13707200257796795
0.13826875353443902,0.13662843513824047
0.13823831541184337,0.1411333932253532
0.1382565479698591,0.1402294608488679
0.13826309598202352,0.13602998851938172
0.13826444641826674,0.13571448966730387
0.1382806060797302,0.1412561637927778
0.13828987097835635,0.14412190797785296
0.1382917044079397,0.13585966108506545
