train_losses,val_losses
0.027894551424963103,0.048791467382753084
0.002496019743017504,0.001893836398064456
0.0016106521218269745,0.001328659809739407
0.0009707150807437588,0.0006640416611298889
0.0005265352547177863,0.00042827842318593083
0.00036617570256026983,0.0003078852491681084
0.0002933440139276981,0.00026540043473307734
0.00025031241521828514,0.00024061670541959633
0.00022099750788657222,0.00023592288730103777
0.00020006688769643163,0.0001963426108185563
