train_losses,val_losses
0.0939111042643559,0.08667021719023041
0.05503074750035239,0.05162529592897342
0.05066746971134276,0.04952290665280597
0.05064493363672074,0.051638420266725764
0.05059473982562744,0.050519332107003705
0.05062969263854797,0.057281425901526045
0.05070363558593304,0.049753118236982724
0.05066310453905569,0.04956270482959065
0.050650869050825824,0.04949150525652009
0.05063036369800344,0.04954935820637907
