train_losses,val_losses
0.23727625768857866,0.1353312853086213
0.13572528117360816,0.1352845852851233
0.1357357393911528,0.13565944189445198
0.13572789565866986,0.13506781734504925
0.1357432191465548,0.1354529628999787
0.13572049492853952,0.13629832640916079
0.13572664503413945,0.135121724891693
0.1357313604458871,0.13540706023723625
0.13572821124441561,0.1354530476423706
0.13573790389489715,0.1356344445254718
