train_losses,val_losses
0.020650313122729556,0.03348394666408176
0.0022666347088730796,0.001738735770566652
0.001471019072248965,0.0011682503946789722
0.0008405196220797912,0.000585709649690005
0.00045762245907477985,0.0003813877138599682
0.00031651561239894613,0.00028809225260386853
0.0002503463320531386,0.00024295258039326028
0.00021205382543651766,0.00019641779038954228
0.00018560621644337497,0.000184786206099049
0.00016679567811117197,0.00015910027205216217
