train_losses,val_losses
0.014145279462044595,0.044398437736440546
0.0016714966969947728,0.0009228543093761808
0.0006215959797329618,0.00040636607307726437
0.00035696634598607964,0.0003323747130481054
0.0002652147766981269,0.0002715209328525172
0.0002177377430244893,0.00020550142326680696
0.0001896073007222503,0.00022911907769162702
0.0001680738516771071,0.0001520093919351837
0.00015274106290569632,0.00016990851492165645
0.00014115596545826364,0.00017305474669107986
