train_losses,val_losses
0.009459150400436432,0.02339775652496937
0.0013091520394705512,0.0005013013060103565
0.00044204770339211435,0.0004132907579214962
0.0003252932111991214,0.00033912294969257835
0.0002767788873609041,0.0003193786958466264
0.00024985572097411846,0.0002416160998392129
0.00022854285208528252,0.0002148972263503566
0.00021470430372730242,0.00017947680340634097
0.00020158292324318533,0.00022608863080629966
0.00019118136660717483,0.00022177468144782338
