train_losses,val_losses
0.031723420315565964,0.05211227976803235
0.002668748884245769,0.0019373918865601676
0.0017683192181514606,0.001647347120417501
0.001486511860130973,0.001380896721079934
0.0012493176423689397,0.0011473336973533356
0.0009742160294831819,0.0008193476020806143
0.0006760898422285176,0.0005675972911737806
0.00047983002308615147,0.00042072301393772144
0.00036925917072537506,0.0003480333499922186
0.00030268166056191475,0.0002810950969366852
