train_losses,val_losses
0.01926398118658527,0.006218426098707075
0.0027981220425134954,0.0022662693192433535
0.0020933045921063386,0.0019823515842734415
0.0018944672317480254,0.0018327303627461054
0.0017751625912494082,0.0017833928636005116
0.0016928606044280413,0.0016675699401849178
0.0016322756619969979,0.0016180706143427185
0.0015830416338541104,0.001568667695691761
0.001541373933206677,0.0015289389207507594
0.0015055591526856873,0.0015158934042995538
