train_losses,val_losses
2.3741327831007997,0.13570096438859364
0.13570516194748647,0.13526376213288543
0.13570917126349116,0.1351202374156009
0.13570859955224798,0.13543868940026318
0.13570880550940193,0.13544116990139307
0.13570989113061907,0.13507268619111473
0.13570951419395064,0.1352105302460013
0.1357075573954369,0.13575967219476312
0.1357038702125365,0.1351702097611692
0.13570194014678513,0.1357734040493683
