train_losses,val_losses
0.013064727160221409,0.04130063615378042
0.001575884449553866,0.0007730793894279054
0.0005080766069358197,0.0003534836153417672
0.00030720039632235844,0.0002513425599852355
0.00023605934801624337,0.0002058066174105887
0.00019676598060367297,0.00018773570149303016
0.00017145633048233907,0.00018432782662852713
0.00015660092913356697,0.0001419084582326388
0.00014181452861758843,0.00014840893781809146
0.0001317214470655846,0.0001353123847265331
