train_losses,val_losses
0.02348975491727067,0.04955417226896197
0.002459132417822492,0.0017322653036653372
0.0013349537569592189,0.0010163285625955306
0.0008481369992048307,0.0007209923443465803
0.0006146641018710347,0.0005731977928610412
0.00048548779693658524,0.00043488055365426817
0.0004014322564927368,0.00036533285309598443
0.00034156848074328984,0.0003282283514908411
0.00030064644133871585,0.0003317531051888021
0.000271945412847275,0.0003027058164201957
