train_losses,val_losses
0.010907240040109008,0.037898671487401656
0.0014841499792272073,0.000806469500017508
0.0006693604813068726,0.0005950573006431325
0.0004971883002067672,0.0004630414177034469
0.0004211890268754095,0.0004073628249230395
0.0003759399459223461,0.0003559979227366379
0.00034553989362506177,0.00032700740149588985
0.0003242022678132503,0.0003130767806981736
0.0003077321688956876,0.00031113506249779934
0.00029493457066582943,0.000319103389815612
