train_losses,val_losses
0.013337834672445429,0.04415401934301375
0.0017234176925868725,0.0009246465837528491
0.000626802268340907,0.00047310945789798156
0.0004137384612353149,0.0003742509134413883
0.0003406224959733595,0.00032391531933497375
0.0003027595075908052,0.00028212387933087814
0.00027871766092583657,0.000274569578218311
0.0002616089809982096,0.0002964936190091964
0.0002476959144395657,0.00024344053834461497
0.00023707179724498844,0.00023867413010018721
