train_losses,val_losses
0.01061070440349191,0.03721851240867953
0.0013235406515812943,0.000585385033094211
0.0004413581745187901,0.000382806236905905
0.0002902590608047552,0.00022982824781502432
0.00023141685381879203,0.00022492193748039496
0.0001964638290633833,0.00021432763163327647
0.00017586035094924003,0.0001752681836101623
0.00015902399757315174,0.00016254989163052322
0.00014705447458838504,0.0001764316217129482
0.0001371339696938111,0.0001438159741132217
