train_losses,val_losses
0.016345169237105026,0.0482141772477059
0.0020283152437571782,0.0013063791694802995
0.0008399133303052204,0.0005543556451120405
0.0004565045596164247,0.00040600086399106045
0.0003588438555038525,0.0004181546620157526
0.0003120101057576989,0.0003224994410420231
0.0002837296877287612,0.0002804323061148361
0.0002633946209912929,0.00026555708553061864
0.0002494811734130143,0.00023308067207046296
0.00023699495603982015,0.00023137817728558483
