train_losses,val_losses
0.018244340253466933,0.04318425138238019
0.0021502965444575115,0.001531595065785728
0.0010293071941302953,0.0006462554600989517
0.0005220905608737703,0.00047292193220483276
0.0003937170829448552,0.00037721083942510625
0.0003385810088477265,0.0003055745024000192
0.00030592066069362524,0.00029598209135012026
0.00028370424416737655,0.0003104128822861684
0.000266179244583847,0.0002755803105214524
0.00025389752663135587,0.00026610875170148283
