train_losses,val_losses
0.011083123472540639,0.02406850275287032
0.0014740300781648549,0.000590973535138648
0.0004949274696301727,0.00042488348063436567
0.00037385805003042335,0.00043089529145433336
0.0003151484724639522,0.0003763164435841609
0.0002771156285699799,0.00023783303829465877
0.000247599198148564,0.00018931020569003886
0.00022929415181893636,0.00021215075700721354
0.00021073262012291525,0.0001832509490880475
0.00019689551819524422,0.00022843654193262046
