train_losses,val_losses
0.014888530710999338,0.03839034275922248
0.0018303336627757604,0.0009774294611434172
0.0006447681151752463,0.00048517955741211383
0.00041307406334629445,0.000370476997780971
0.0003400550147896211,0.0003213545435631911
0.0003030421970555951,0.0002854838673156871
0.0002778899299531001,0.0002780995185110985
0.00026184408364535855,0.00027306026472053314
0.0002482474435166737,0.00025818473687747745
0.00023812181275409392,0.0002460263422399655
