train_losses,val_losses
0.012538741077668985,0.026130044394153562
0.001656583750241537,0.0010079780673420103
0.0008088076981835927,0.0006593935897784242
0.0006401101948701745,0.0005763943313118677
0.0005670311485989578,0.0004945671567427861
0.0005189379860727544,0.000509818508412095
0.0004880384597691595,0.00047748255514649203
0.0004643748783824946,0.00047459967698595967
0.0004489246466572047,0.00039508165431942973
0.0004373859617595928,0.00045716262530605476
