train_losses,val_losses
0.018591181488560052,0.04359208588442331
0.002091462326058242,0.0015172546779297412
0.001020348498746988,0.0006653051275683605
0.0004957065611686055,0.0004057409978156325
0.00032367212409471844,0.00026993499883744374
0.0002498647407914002,0.0002442590578566585
0.00020893606717193387,0.00021081098688197945
0.00018329867320784725,0.00018274351937960445
0.00016576600615435835,0.0001507499695481271
0.0001521798507498512,0.00014157054704357893
