train_losses,val_losses
0.02077088589410404,0.046420601955028395
0.00215009924671659,0.0016668792888638458
0.0012479398002699033,0.00084137969538729
0.0006243674517454022,0.0004928010086548508
0.0004228239494777879,0.0003757789104240244
0.00034821580919892095,0.00033857549016136606
0.00030901080015670703,0.00030400602684036473
0.0002833521138053135,0.00027985088144930764
0.00026544173409594375,0.0002999359239470546
0.0002510539315900972,0.00027114478832498685
