train_losses,val_losses
0.01036518243878163,0.027185332889552227
0.001491170181810503,0.0007832557491939951
0.000597151523595312,0.0005052888044323481
0.0004619336573086912,0.00043504917657892294
0.00040356492656044336,0.0003776738573486
0.0003677540332896342,0.0003751223988448146
0.0003414867837642987,0.0003694701239990536
0.0003219874061823816,0.00034535973343763544
0.0003076723611538341,0.00034211567858383207
0.00029555490661900877,0.0002843378658878919
