train_losses,val_losses
0.024605863569642433,0.04163304906263875
0.0023199963418135037,0.0017752166417972426
0.0014892804916948428,0.0011498952615464006
0.0008073075156853045,0.0005270144687674108
0.00041385477562631416,0.0003312851690291235
0.0002944132580234642,0.00028179778743108976
0.00023946124338573916,0.00020656754145437754
0.00020613823970267467,0.00019352017240335833
0.00018337472208974662,0.00016927533356296865
0.00016693109068707646,0.00016170270862879296
