train_losses,val_losses
0.020634740678561865,0.03672707380069023
0.0022757994722619737,0.0017227187317360052
0.0014437280380721741,0.0012232713806314326
0.001068211586840433,0.0009443028105187058
0.0008596827351631975,0.0007954274177324469
0.0007275578783947386,0.0006843724048221914
0.000641796897919776,0.0006063462770985256
0.0005840113749735939,0.0005582287982607041
0.0005390213360858191,0.0005275603564569196
0.0005057200276249506,0.0005002793049817963
