train_losses,val_losses
0.018774317004480415,0.047477055402491156
0.0021196933270973967,0.0016482072831590314
0.000958299459940557,0.0005470415639331968
0.00041007652110436484,0.00032618677749829064
0.00028199497126684634,0.00027276999835437916
0.00022781927384178842,0.00022781288763731145
0.000196301437217378,0.0002101885834988151
0.0001735231181556664,0.00016338744111159143
0.00015953044515700025,0.00015638708739430923
0.0001473110566483989,0.00012878354820683614
