train_losses,val_losses
0.01803600265159241,0.04228713324996764
0.0021363414827864236,0.0015498462904407525
0.0012122456451154975,0.0009654042951661974
0.0008168223195360613,0.0007112824013763533
0.0006310596437328269,0.0005616220707304515
0.0005243208355206418,0.0004995628164937841
0.00045991590946281027,0.0004354695883688695
0.00041466450570273704,0.0003918956890915649
0.0003837896453890264,0.00037163888177387823
0.0003591615279507515,0.0003959662596002844
