train_losses,val_losses
0.013806969346467265,0.04243634922978685
0.0017369625168066228,0.0009915186562690062
0.0006736571964074561,0.0004920371784685009
0.0004318957511219669,0.0004101306680890118
0.0003540604426474998,0.0003132173727592711
0.00031048713063708066,0.00034333820935130143
0.00028391091002233566,0.00027058184172088824
0.00026505965092311597,0.00026874821285783446
0.0002509715541867159,0.0002546947693251399
0.0002404756542832229,0.0002584415026317708
