train_losses,val_losses
0.011305356352192044,0.035836683580307824
0.0014073736390763382,0.0006379132834360111
0.0004628870149714657,0.0003793767726678588
0.00030819926018276465,0.00026445530746915845
0.0002490217897840272,0.0002306082801296618
0.0002146821453412317,0.00019777666158384794
0.00019414109199101666,0.0001679318420745284
0.0001755162630827103,0.0001754060858555856
0.000165013294412253,0.00016641461621120466
0.00015479271433652448,0.0001648595594411836
