train_losses,val_losses
0.014358333828347582,0.038196423739273615
0.0017651665996322708,0.0009269937786941146
0.0006146059480481319,0.000458522694038125
0.0003974726729613627,0.0003615323050803239
0.0003304618897294403,0.00030980271010897143
0.0002958018414938869,0.00030443727705906884
0.00027229394423964205,0.00028220923897407296
0.00025581628803627145,0.00026519492718384664
0.00024310750025900626,0.0002443073182256273
0.00023308869804531033,0.0002500364341027296
