train_losses,val_losses
0.0091747521479077,0.030538803483768265
0.0013462661991775063,0.0007108792536776903
0.0005518677057092263,0.0004697987505129003
0.00041494904744961554,0.00038206062146866097
0.0003651074499139455,0.0003569654947988957
0.000335003584552329,0.000371013640209279
0.0003143108871875815,0.0003124428906635558
0.00030073240351328724,0.00031520059364443305
0.00029110847050018893,0.00034337392722065573
0.0002826195732319813,0.00033564837307798655
