train_losses,val_losses
0.01183384303754899,0.03755514247685063
0.0014766988211045373,0.0007329594066127387
0.0005756963353938833,0.0004312585355668766
0.00037646149417582095,0.0003409694644192141
0.00029089252987162906,0.00025480541808418574
0.0002436911766939924,0.00023531815371386963
0.00021580184280078733,0.00021430472317521393
0.00019612385586826434,0.00020500302736297163
0.0001798847580595092,0.00019508378365476386
0.00016914236197749957,0.00014218713272318485
