train_losses,val_losses
0.018688706531780983,0.04133475803853233
0.0020743623567837754,0.0014676040393013761
0.0009222548894560874,0.0005638830546124644
0.00041975130998575354,0.0003156676759493341
0.0002903029669634454,0.00028260367877543953
0.00023334944394199362,0.0002383517577061903
0.00020021843960227358,0.00019905264320071225
0.00017829518966643295,0.00015640992774212456
0.00016265826246976761,0.0001925323749856536
0.00015103139315316745,0.00013579475229831794
