train_losses,val_losses
0.018176187469033267,0.04708421908405028
0.0021789220470140903,0.0015412010327569131
0.0010415726050331429,0.0007123058123950449
0.0005439423447129348,0.00041806341756307113
0.0003984930691379751,0.0003709839475543518
0.00033724686639691697,0.00031475951723911814
0.0003035275601054969,0.0003137171847567663
0.0002807188143859058,0.0002953316999462612
0.00026450267479106624,0.00026771794968449364
0.00025090128872229904,0.00026835267923997765
