train_losses,val_losses
0.013903239849762758,0.03931913424336817
0.001744937027961896,0.0009253252761825934
0.0006397885990934583,0.0004845157808200383
0.00041524444107658384,0.00036263402263293754
0.0003426218439776335,0.0003487870306006698
0.00030368842471579,0.000281888970622731
0.000279906723792044,0.0002769361284535535
0.000261865744685997,0.0002707249336605855
0.0002495492690065703,0.0002617917787724309
0.00023877169648906147,0.00025678570892418974
