train_losses,val_losses
0.011268823136662926,0.03382582720852168
0.001482379135873851,0.0007264900014106385
0.0005865944471945761,0.0005585579036808143
0.00040084645455091563,0.00045126350836507045
0.0003220629871113369,0.00031558376210867253
0.00027425091090853705,0.0002477422629634235
0.00024558973281946033,0.00021686246495470466
0.00022198473818625455,0.00023127454891197453
0.00020585504320745794,0.0002938222149103277
0.00019148464971428916,0.0001935466272135975
