train_losses,val_losses
0.01533049019390522,0.03902459600155864
0.0018699110904850575,0.0010060716208953563
0.0005588158981525785,0.00034761112722036174
0.0002967369384709216,0.0002912393911539519
0.00022574398308015614,0.00021642044074514068
0.0001890484551024169,0.00023166973490924746
0.00016630674499753745,0.00013810142822670256
0.00015067085986372142,0.00014106722304207267
0.0001391297220714306,0.00018937944048281696
0.00012969854121138601,0.00012900467280978106
