train_losses,val_losses
0.020440283215806928,0.04646841263588784
0.0021721103628378545,0.0016973012082055192
0.0013415216445836966,0.000982450012903734
0.0007622524017774131,0.0005793579544507151
0.000488879631950045,0.00040330413694572706
0.000382391715941479,0.00035666440394654014
0.00033161566320231864,0.00031967555773542084
0.0002998876812521218,0.0003093955532791376
0.000278336313517272,0.0002862929121419267
0.00026184498052923664,0.0002697818605422753
