train_losses,val_losses
0.018082853700053747,0.04115180677859352
0.0021050095912623972,0.0015433046314373157
0.0010181276587353531,0.0006445689961161018
0.0005084430126664857,0.00042189092020573265
0.00038184394252840063,0.00033297884018065486
0.0003279261834031911,0.0003231401433366082
0.000295244925546327,0.00027719336535574345
0.0002742187381814446,0.00030469338690442585
0.00025790084304183034,0.0002683845956928984
0.0002450112728979339,0.00024235434852139877
