train_losses,val_losses
0.012312866013254091,0.03969052665439259
0.0014862081366288256,0.0008135310284206403
0.0005981318251220861,0.000492827738043776
0.00039131942095613876,0.0003227296021048595
0.00030225188910958534,0.0002770414069964218
0.0002550081640286433,0.00025550312579928686
0.00022494444652581164,0.00024207901827845172
0.00020224512013643925,0.00023583567827640574
0.00018611502928359694,0.00018920824836664068
0.00017160771156157968,0.00018940789703794373
