train_losses,val_losses
0.010746487182368137,0.02947917109375828
0.0015940161925381633,0.0008815756440724692
0.0006444454741696532,0.0005620842782146091
0.00048230871916341266,0.00040568310259123135
0.00041757655963673785,0.0004297346899295087
0.00037835142829802836,0.00038166738265657014
0.00035345370303941086,0.0003577688088288308
0.0003355852273395398,0.0003583405508242925
0.0003174560702769683,0.0003031435465087602
0.0003061224811621656,0.0003437533687612673
