train_losses,val_losses
0.013481081672946154,0.049530737421366995
0.0017163059035920263,0.0009398538030086808
0.0006584192314111149,0.00050690989161674
0.00044398024719505513,0.0003804547843141162
0.00036865020249672527,0.0003404755643876918
0.00032691561622426763,0.00030950808349901386
0.00029901618522646474,0.0003140808558389126
0.00027970402601583687,0.00028701901636642656
0.00026391520166316255,0.000282518128518749
0.00025170043153596966,0.0002794555394906127
