train_losses,val_losses
0.018369700143031305,0.03703502908236287
0.0021040431178695434,0.0015786840924367736
0.0011560237685106758,0.0007497368172536781
0.0005708243464732954,0.00045085649005863323
0.0004043439003517757,0.00037531647122650286
0.00033935479251270335,0.0003287353647241404
0.0003023427093580577,0.00029137245150477213
0.00027761758091040644,0.0002813463304931774
0.0002596977657211092,0.0002668199882384985
0.0002461609235604036,0.0002657810050932657
