train_losses,val_losses
0.02661048162853675,0.04875743493252389
0.0024472763856222494,0.0018569713473285158
0.0016298321025452745,0.0014335565049455928
0.0011647166945964603,0.0009148713129178596
0.0006773523760122658,0.0005083972547802513
0.00041784313097132275,0.00037321464642506796
0.0003115655894829097,0.00029935269872239593
0.00025710410772991144,0.0002507294809272891
0.00022139990679121622,0.00020813070279344074
0.0001974022533964777,0.00019285569033682958
