train_losses,val_losses
0.015328974699272146,0.041530034364930364
0.001829522040311649,0.0011265491471258214
0.0007011435775020029,0.0004546160824933281
0.00035506585490152864,0.0003447361152942423
0.0002552106265171772,0.00022115642515856856
0.00020444542022921757,0.0001897836775823236
0.0001750610944442903,0.00018518309998889315
0.000154441344790313,0.0001556274229440299
0.00013895302976226124,0.00012924592946965852
0.0001285588352064031,0.00014357663989452842
