train_losses,val_losses
0.012276210069295485,0.03941708122895798
0.001572195587115948,0.0008020461523687118
0.0005701534754871545,0.0004522380264919775
0.0004065393052195077,0.00035753042980459215
0.00034522835818748943,0.00032864788570605017
0.0003108212153705381,0.0003176675703100045
0.0002883566627242544,0.00028851343346996143
0.00027111501941595864,0.0002539037752265358
0.00025728653905842975,0.00027297743820035977
0.0002462390615740674,0.00033070457636522407
