train_losses,val_losses
0.01663853888283709,0.037092118275336115
0.002034938083620844,0.0014309588538307459
0.0008856773915977278,0.0005467548497627515
0.0004588828852031504,0.000393079178658108
0.00035753582444779776,0.0003172686729396571
0.0003113633671011469,0.00029116977606505903
0.0002831755018126191,0.00027228262273063604
0.00026317390731735364,0.00026665632944910996
0.00024905717432778686,0.0002760041396731239
0.00023755945837645467,0.0002706324522850963
