train_losses,val_losses
0.017091015510454773,0.0325606260291348
0.002045755752235651,0.0014180754190452685
0.0009110226001655683,0.0005533058547593523
0.00040226039633434267,0.0003381544966976447
0.0002747318602781743,0.0002601188022140625
0.00021987411854206584,0.00020654134673879273
0.00018767249270505273,0.00017667515143476533
0.00016704693643329664,0.0001554780953397456
0.00015117441398021766,0.00016249500577732062
0.0001398664170318516,0.00013338924563614435
