train_losses,val_losses
0.021823982659479053,0.03487375107260734
0.002279555470187599,0.0017557482165964252
0.0015013190562263646,0.0012898186197670952
0.0009900936367652142,0.0007308889156161556
0.0005717121285441163,0.0004527407286227273
0.00037318801127023935,0.0003178384319609745
0.0002741821500881287,0.00025328032113484234
0.00022344508662888732,0.00021219898744449732
0.000192505993258981,0.00017873534838516898
0.0001708713651374108,0.00017924982619541528
