train_losses,val_losses
0.018466027710897743,0.01721507933794402
0.002493365309514775,0.0014148803323406516
0.0010119800196047835,0.0007084872977203636
0.0007037164536563316,0.0005779854653301697
0.0006283617500361524,0.0006004838245426622
0.0005847613800035393,0.00052305589918764
0.0005439659203466783,0.00047418411535486775
0.0005184120825045393,0.000495360263171433
0.0005004883620436541,0.00045948040822522496
0.00048088343049598227,0.00047933229686298055
