train_losses,val_losses
0.032407655319804225,0.04698317450765125
0.0028004156914774384,0.0020917413425352734
0.0018942204341771353,0.0017422378979644164
0.0016181830450830294,0.0015048874005628974
0.0014158284601658484,0.0013191510899282016
0.0012050099709216503,0.0010994785417428965
0.0009837737366083512,0.0008887467788936105
0.0007930440423744097,0.0007402075783983893
0.0006491468513902995,0.000606505451789398
0.0005442017327624962,0.0005081824872235022
