train_losses,val_losses
0.010446442728458802,0.02614394842478076
0.0015423185758595647,0.0008617129577173929
0.0005969820701368368,0.0007556086936075709
0.00041233483328706634,0.000400106212297256
0.0003403242512248827,0.0002877327435270461
0.000295839744312012,0.0002942852938664899
0.0002640532268898029,0.00023134064070957425
0.00024155597308530947,0.00028688078632724246
0.00022523699897074537,0.0002915429903939266
0.00021339432539836718,0.0002247088643073867
