train_losses,val_losses
0.017857173285753522,0.025929764177077107
0.002198295577820089,0.0017466239916987271
0.0015527660433260187,0.001324670665747225
0.0010286736638356177,0.0007473884055115955
0.0005841947082215323,0.0004674946594203258
0.0004219210107756654,0.0003804192851105248
0.0003551543372659221,0.00034543413537544587
0.0003178077997195743,0.00030892806745396584
0.0002926738064945954,0.00029238709951013805
0.0002741914105182702,0.00029303139386358245
