train_losses,val_losses
0.01824430260592044,0.04540974833378565
0.0020964078759345335,0.0015570025846582292
0.001068482519766309,0.0006773993966878942
0.0005219538449955309,0.00042266819555041274
0.00038470163001005366,0.0003819047197215983
0.00032700388135685764,0.0003648184846443592
0.00029481921508913377,0.00028474016423142286
0.0002725416083279239,0.0002762975052553288
0.00025665509256898736,0.0002700526527859197
0.000243891185691179,0.0002522269935126278
