train_losses,val_losses
0.016980506094534355,0.04422496633579575
0.0020084996831402175,0.0012632757315526719
0.0007098360785354502,0.0004097062210118608
0.0003395551060616358,0.00028152618183820073
0.0002486045895077335,0.00023654090704802809
0.0002065119193110455,0.00020594316632850123
0.00018091616535885932,0.00017561272730673208
0.00016380034117871145,0.00016811941041055512
0.00014838058582045726,0.00014935175125928296
0.00014032426944039395,0.00015004370030887164
