train_losses,val_losses
0.016985676174535492,0.036563419131177104
0.002008473253172852,0.0013556499739272494
0.0008577777674726626,0.0005088001100158829
0.00039366320650502536,0.00031755920549293314
0.00027084929083896113,0.0002507757809984062
0.00021777703790759755,0.00022477920308891234
0.00018591850890687286,0.00018816701326558887
0.00016548961187784502,0.0001488306139180838
0.00014918476886473199,0.00016544685303015763
0.00013741409845733843,0.00013929003544243604
