train_losses,val_losses
0.1789034703449812,0.13565264550372957
0.13602196210380643,0.1367000283209607
0.1360151746823685,0.13664333038469775
0.13599970318593552,0.1365238324363716
0.13600972361715977,0.13579301982671022
0.1360194928796729,0.13623752509560436
0.13601784507038536,0.13654934593746437
0.13570870689970907,0.13584617048613726
0.13570786717806477,0.13593158185910434
0.13570830205085221,0.13623393464842812
