train_losses,val_losses
0.15781082266644145,0.13581190919981073
0.1355474034542965,0.13565210603414654
0.13554392210366836,0.13584784309278555
0.1355525598093471,0.1356324947411396
0.13554793378408134,0.13571395219592322
0.13554955573525676,0.1356533826730956
0.1355491412984526,0.13564426007716185
0.13554383364632597,0.13583958063752885
0.1355464409527127,0.13573269730865223
0.13554877283314554,0.13584682124484607
