train_losses,val_losses
0.019219395862833617,0.030801912400042937
0.002124557978752776,0.001619254697290031
0.0012612646508806677,0.0008679992472921715
0.0006081351215477524,0.00042683031499718427
0.00033776755631947616,0.00028100063367435035
0.000247407633297739,0.00021991174723428922
0.0002033279925547855,0.00018985344656414796
0.00017511670948937514,0.00016108496158394667
0.00015569556828605582,0.00015725882009153357
0.00014095297035066073,0.00014111796641312963
