train_losses,val_losses
0.03921876253150759,0.04411879168041813
0.0031933313571899575,0.0022873061601354906
0.0021163147316882276,0.0019676513889720693
0.0018055810034319768,0.0016641212861059896
0.0015518322613645732,0.0014438427315897856
0.0013177203508682016,0.001199482859779021
0.0010865862094990473,0.0009903334268258465
0.0008637082366658127,0.0007592938589219791
0.0006867952737073283,0.0006542774885945946
0.0005778695850424512,0.0005454406371194435
