train_losses,val_losses
0.012712833409821905,0.04294180639600381
0.0016437440442842672,0.0008678850317659453
0.0006157062289004216,0.00048016253633913946
0.0004123988819749457,0.00034853844638755617
0.00034280609892492746,0.00031774277565937157
0.00030447575148243684,0.000320492164632833
0.000279352256019547,0.0002766966669786143
0.0002622065757315795,0.0002744934210103565
0.0002488085699338285,0.00027393340647790865
0.00023734629986792014,0.0002520735759900617
