train_losses,val_losses
0.011271849800322085,0.005442717357255424
0.0035398706306865946,0.0034641114054192864
0.00344508135064436,0.0035008374203350785
0.003433358224054897,0.003364490915435926
0.003430423790677105,0.0034079185301582153
0.0034226527691148412,0.0034092688302334788
0.0034184606793689564,0.003310780067034788
0.003415767886322754,0.0033676878489946487
0.0034148676029359106,0.00347868864980343
0.003413118363129442,0.0033584461477750537
