train_losses,val_losses
0.047404711425722376,0.045638855131558353
0.003346327434795805,0.0022532749872762074
0.002067062616931462,0.001953654311511944
0.0018368103748289345,0.0017566215485921052
0.0016815078140193663,0.0016187033363992873
0.0015592537457836825,0.001515434979415622
0.0014598326852227127,0.0014205297281626634
0.0013775026979041122,0.001357329620532797
0.0013051228547913143,0.0012708366586715323
0.0012322899807489598,0.0012028765020190896
