train_losses,val_losses
0.01376054220560305,0.04190514823736565
0.001604100990918619,0.0008250087951080846
0.0005682178676637879,0.00042113448003243517
0.00034912542385232985,0.00030692996546216107
0.00026800697469247896,0.0002711044356461237
0.0002216214966730143,0.0002123302111846311
0.00019399350124119072,0.0002337399891516923
0.0001731323850148573,0.00018222163369366378
0.0001584849492014877,0.00017024040643783897
0.00014517694557109084,0.0001694699470098882
