train_losses,val_losses
0.1395679170124221,0.13639410933518128
0.1358234015595728,0.13674300577304707
0.13582008261472206,0.13575255783829718
0.1358366922228284,0.1364283001471234
0.13583649947492257,0.13612055119116045
0.13582960779424919,0.13613149016963697
0.13583461107830647,0.13564137509043236
0.1358320404311778,0.1359876895904717
0.13583019354393455,0.13589226716079894
0.1358264306620354,0.1357805149982461
