train_losses,val_losses
0.017493697323905304,0.03800392863723635
0.002069275928064948,0.0014492290138043463
0.00093270879550057,0.0005843097296508495
0.00048378738111903657,0.0004314877980505116
0.00037494246309672597,0.0003710306599574396
0.00032506740848059414,0.00030621591280412393
0.0002934539930707833,0.0002910427020849893
0.00027329901292208524,0.00027254347761906684
0.00025694768220800324,0.0002701877624647459
0.00024532500845800677,0.00026396230666938934
