train_losses,val_losses
0.01916407476196092,0.04451139452218642
0.0021340707885329187,0.0015567527783999053
0.0009585384479808734,0.0005466423018214854
0.000416035970196169,0.00034147158575746736
0.0002845179282856057,0.0002487105817315673
0.00022727066674902314,0.00019652123509606182
0.00019433373098048207,0.0002052805650990192
0.00017328836393557494,0.00015801884267364682
0.00015696790049858392,0.0001522749699844643
0.00014538499676163298,0.00017819491378541377
