train_losses,val_losses
0.012924001425776484,0.04554584537659316
0.0015489075871408448,0.0007986610801016148
0.0006074874884832151,0.00045531170935944235
0.00039429695089454456,0.0003690900109783174
0.00030175195661670285,0.00026383776043779075
0.00025378770118833,0.000254540098349131
0.0002240448377150908,0.00020508611445680316
0.00020323540425071698,0.00019733381523033607
0.0001847016731828383,0.00023077683944265623
0.00017301020112122623,0.00019129372818725934
