train_losses,val_losses
0.016432763184739387,0.03870688991080675
0.0019633655178447123,0.0011588608809143175
0.0006493212608271724,0.000422015484916879
0.0003262767035858118,0.0002653640519133169
0.00024095004508325741,0.00019520268669412212
0.00019769693348372264,0.000187672984783868
0.00017519444470173148,0.0001671537444670835
0.00015660551533783546,0.0001494581714154382
0.00014290986112838175,0.0001305692418881104
0.00013192039473357113,0.00013661140241998579
