train_losses,val_losses
0.02414146392629615,0.018175278423210782
0.0025816574815658863,0.0018582469901846893
0.0012545913837620484,0.0010149672500916072
0.0008738096820226666,0.000802801301558543
0.0007535840471943259,0.0006252208599730758
0.000682614680246072,0.0006133264705185952
0.000636797121702076,0.0005804950680387899
0.0005929991358615116,0.0006005112096763665
0.0005611567500954532,0.0004961220115607555
0.0005417918009140207,0.00051543378843189
