train_losses,val_losses
287912.11763169046,0.13564186424634594
0.1358279437375605,0.13708972341626416
0.1359801884810057,0.13698887865558154
0.13597798049255574,0.13601415034188682
0.1359770336132928,0.1357976481786958
0.13599280938293395,0.13593864069701955
0.13599414524059805,0.13645034721316832
0.13571282617009528,0.13566777714927694
0.1357122142617819,0.13584893787048372
0.13571617886229193,0.13567620443449896
