train_losses,val_losses
0.018804139617628595,0.056200102425502704
0.002091729275632963,0.0012936832778226044
0.0010264455189352211,0.0008106349507431717
0.0006993332845523903,0.0006087686439591696
0.0005601034687235183,0.0005459495510266677
0.00048160084920779956,0.0004452730577445071
0.000433510403663682,0.000414430976499932
0.0003992360663426022,0.00040003701444815904
0.00037450883938292126,0.00036333134179980845
0.00035583928916308545,0.0003373734027111227
