train_losses,val_losses
0.012466587655862223,0.0401551075885522
0.0016243550225943037,0.0009899529605606578
0.0007705701788498033,0.0006200213393628794
0.0005447405951814251,0.00046907708512449305
0.0004408863629959168,0.0004167267133612772
0.00038430186563327267,0.00037972702593756986
0.000349779221101664,0.0003427833360751915
0.0003244435914097171,0.00032415040498837746
0.00030620743746449623,0.0003041809675269633
0.00029188136437758336,0.0003175637102552283
