train_losses,val_losses
0.013573241687643995,0.0399468296905823
0.0016454117105074387,0.0009100488169265429
0.0006164339597024486,0.00042258385824499854
0.0003577177094554863,0.0002965141873135944
0.0002626722014589483,0.00024454451302213196
0.0002119885029352886,0.00020743442784490132
0.0001822873751681866,0.0001529212149303072
0.0001607815321985386,0.00016151744576160262
0.00014647946166545202,0.00019617764818839224
0.00013433642067494972,0.0001707852171662343
