train_losses,val_losses
0.04404266404562816,0.05817209465301037
0.0033305009723522236,0.002355507558789104
0.002182285077700013,0.0020243732855722775
0.0019254676578063226,0.0018657725782738998
0.0017217732583468606,0.0016371917786048725
0.0015264909931767324,0.001434074758608127
0.0013285383849086939,0.0012221583379243967
0.0011219627101005753,0.001019067463211948
0.0009015772187769617,0.0008003954895972856
0.0007136311385090522,0.0006433065304377814
