train_losses,val_losses
0.019699783475004135,0.03578318735802174
0.002182743343352573,0.0017169621982155367
0.0012944192088865675,0.0008824097582711838
0.0006450330298044719,0.0004921741540720686
0.00043805298383682383,0.000403074000573135
0.0003617327370123239,0.00035794194274314214
0.00031934725788931243,0.0003270194640613627
0.0002921980256421957,0.00030597674971388186
0.00027336599661799844,0.00029937400477798653
0.00025739367513221806,0.00026951871335244504
