train_losses,val_losses
0.01240331053825822,0.0440066401092595
0.0015105988838700908,0.0008158685506874548
0.0005572599589776604,0.0004430029069350108
0.0003644341893704273,0.0003040690794436305
0.00028857981878976626,0.0003138340648243032
0.0002479591095478879,0.0002474040352763599
0.0002194892783300448,0.00017627427260679342
0.00019966429376658273,0.00024435727988848674
0.00018523018322148794,0.00016427773664510483
0.0001746125577095015,0.00015285600062760443
