train_losses,val_losses
0.01427078723387426,0.006902090755717504
0.002367464384960908,0.0019499533825595545
0.0018044952765479529,0.0017129759549181665
0.0016369630046888966,0.0016070361450410615
0.0015331462345916952,0.0014869607664425284
0.001455094600003124,0.001434037752256742
0.0013923301311067724,0.0013855009099194003
0.0013380842186544468,0.0013278181744260519
0.001288351762995429,0.001271204405741246
0.001242848933758995,0.0012276587877262202
