train_losses,val_losses
0.01147907472207207,0.029053826704167604
0.0016109348705902623,0.0009485483144971219
0.0006623135452527066,0.0006512912970966274
0.00046169812810734664,0.0003934360682168204
0.00037599165893225175,0.0003664521044630617
0.00032178117682873675,0.00039237037611166814
0.0002897987791664134,0.0003015555954057636
0.000263746962837904,0.0002599935609941341
0.00024252805983349777,0.0005327346732829004
0.00022267622330211806,0.0002744650669425192
