train_losses,val_losses
0.13840467884502364,0.13607319425508532
0.13580579729113101,0.13584930773879975
0.1358055517667681,0.13568608298077262
0.13580535882663547,0.13576789067584594
0.13580547197282952,0.13609420382566265
0.13581078961742168,0.13598397323647546
0.13580986833955058,0.13602932685965644
0.13580602475164222,0.13568128711562819
0.13580722146973953,0.13574781176239248
0.13560149125447687,0.13568263056409935
