train_losses,val_losses
0.011830456923678012,0.04084305080305139
0.0015381511075704402,0.0007513448440117029
0.0005814387318427498,0.0004837716504604987
0.0004165827672435398,0.00037921877868426503
0.0003557514434376159,0.0003448291040298683
0.00032265236301684335,0.00032879454779735206
0.0002995306546102481,0.00031724812070065234
0.000282340137711187,0.00031423788800410876
0.00026851711744643237,0.0002696949449759271
0.00025854474038545166,0.00026948473654395393
