train_losses,val_losses
0.011211748912846115,0.013727623455609062
0.001685124725380992,0.0010176392996221499
0.0006794709585171137,0.0005717439117265477
0.0004958483122979643,0.0003683355148530335
0.00041146229055771436,0.0004108222041785412
0.00037083993590875705,0.00040766095260074444
0.00034358541974544916,0.00031832034130517567
0.00031986208982561463,0.00033048338069578036
0.0003009302287560425,0.0002488592109218124
0.0002921202156065443,0.00035516188519883627
