train_losses,val_losses
0.009459360000123939,0.02744971601756867
0.0014116754092205238,0.00078764460703134
0.0006286700538675173,0.0005630014636626383
0.0004741666433316039,0.0004101986959023982
0.0004041356747656384,0.0003754600906402984
0.00036271772011081546,0.0003436116372421898
0.0003321164648306297,0.00034957130571339917
0.0003116395532858525,0.00030403771592855825
0.0002948714951102569,0.000287432943781507
0.00028242806753358906,0.0002808551105265453
