train_losses,val_losses
0.023187196300375128,0.049487554440379784
0.0023331938993050912,0.0017435518471286384
0.00143647536927824,0.001080278984644249
0.0007616803502044524,0.000509516339339163
0.0004118840794918719,0.0003352548049155443
0.00029562409139107274,0.000278155144046024
0.00024138416596289464,0.0002350727682190857
0.00020756291675743023,0.0002119534285107079
0.00018481360272128454,0.00017558237409505135
0.00016936654883663158,0.00018795654445959964
