train_losses,val_losses
0.017012631467318934,0.041999759658856536
0.0019617027371742406,0.0012350178651431036
0.0008428550130595336,0.0005592067475700849
0.0004362372017032453,0.0003302546537706089
0.00030395584402679123,0.00027207195201984515
0.00024111910861368443,0.0002692526378152538
0.00020553917425514436,0.00021126512080871788
0.00018089041434695257,0.0001722513929213627
0.00016323787213773047,0.00015579637787501804
0.00015068669428116124,0.0001702595863525811
