train_losses,val_losses
0.4020502030383908,0.13596830377309166
0.13551660127112597,0.13572989729880594
0.13551816858412663,0.13569902916280133
0.1355170476159282,0.1358112532987071
0.13551753291198484,0.13589785807807167
0.13551596553808629,0.1356583600521736
0.13551598991160463,0.13568396479004127
0.1355195857350738,0.13583841201504612
0.1355145876346577,0.13582216555135676
0.13552130877006707,0.13563330418531008
