train_losses,val_losses
0.01568763643721991,0.04481927859289062
0.0019392975583193911,0.0012019215500442956
0.0008059875143836857,0.0005293167755118351
0.00044893548276745933,0.00040926278127820085
0.00035400996071291164,0.00031351324322722587
0.00030985726696749414,0.00028243145692705965
0.0002835302923481207,0.00029971597539756495
0.0002646792958211547,0.0002506318874228808
0.000250328886851678,0.00026337658527079483
0.00023950289237122094,0.0002568867434325782
