train_losses,val_losses
0.0455881487526745,0.02434891338555005
0.003666223846846219,0.003193995414857936
0.0030106990772624034,0.0029666802132651683
0.002923831310752111,0.0031367299096258117
0.002921452169884878,0.0031623592826932863
0.002857956189254548,0.0027174884810138257
0.0027995801758742,0.002811463570419037
0.002760573465426914,0.002714235265495636
0.00275132537314948,0.002618940102043834
0.0027445717933744303,0.0029462661614469534
