train_losses,val_losses
0.011150974632784253,0.022395597048421784
0.0016790675923989559,0.0008675489746479011
0.0006519511814669637,0.0005428637447745747
0.0004996738174625241,0.0004837079430071265
0.00043720900471445407,0.0004093957802515779
0.0004004350389848909,0.0004089669791272996
0.0003756437546170975,0.0004642580191626213
0.00035623824066747243,0.0003338619663308983
0.0003428006440534175,0.0003339563452726364
0.0003286250762441585,0.0003995250647708754
