train_losses,val_losses
0.013231886156547997,0.04155104090239248
0.0015614548329507504,0.0007319336643283029
0.0005017171073319558,0.00039721153859213
0.00030717617784574723,0.00030309342350167567
0.00023631544648909672,0.0002143235659849397
0.00019786724485859294,0.00017335197998420937
0.00017345995536524795,0.00017013437555988433
0.0001565263665618827,0.000148487565881881
0.00014536530040907812,0.00013959824295583544
0.0001335750236189469,0.00012706704898396093
