train_losses,val_losses
2.0691826357117775,0.13650954774925497
0.13548150445927373,0.13572994290621454
0.13547972405900657,0.13564806710169852
0.13548303927645153,0.13573222915645483
0.1354761959310031,0.1358886620077527
0.13548007252229768,0.13572999175023076
0.13548157859995716,0.13589387222763083
0.13547991205289076,0.13577051230349158
0.13547916470536864,0.13564573997519802
0.13543428781606281,0.13580126382718752
