train_losses,val_losses
0.01777503402544918,0.05023050952043708
0.0021068759882477204,0.0012377559834081096
0.00083269052959277,0.0005960446248158495
0.0005024243896969156,0.00045516743427459396
0.0003971720067432265,0.00037418834233399743
0.00034425166956274906,0.0003442154088577113
0.0003129941889798318,0.00029822471589990894
0.00029077697103099733,0.00030882468625557415
0.00027513883365519974,0.0002740882972906689
0.0002620006837387651,0.0002854085199164698
