train_losses,val_losses
0.02323897294881256,0.03236504572400112
0.0022901136485839876,0.001776573265128582
0.0015755656034969418,0.0014182885825388567
0.0011851566219687193,0.000967481034098434
0.0007928269045433962,0.0006410177031837093
0.0005244925745037718,0.0004704238421014236
0.000375741619352024,0.0003295038667698698
0.0002930880847897896,0.0002934273294166185
0.00024443614655168155,0.0002504021959988667
0.00021254849500988466,0.00021828137582601668
