train_losses,val_losses
0.017186433750727582,0.03489202737799898
0.002056590606580257,0.001506470649887788
0.0009768231210952566,0.0005946279694778935
0.0004809573175565755,0.00040993743953113054
0.00036823415126994053,0.00033857722086705425
0.00031756081235991365,0.00030961351712869656
0.0002880721577829534,0.0003018615006998043
0.00026643418588596994,0.0002766782080591993
0.00025136275291707085,0.00027724081751050964
0.0002388791736926177,0.00024728107352682484
