train_losses,val_losses
0.020624488026084048,0.05100221355111512
0.002176281742742794,0.0016859482649409995
0.0013267167655574095,0.0009737398283387649
0.0007757798874039938,0.0006086091488106051
0.0005042151761974685,0.00045512894321876943
0.00039397117535373957,0.00036745165953660933
0.00033964569994807744,0.000317409444396841
0.00030712531550992434,0.0003040985570561702
0.00028427747612801146,0.0002968909016712538
0.00026655790174933216,0.0002618837487993709
