train_losses,val_losses
0.011412557386729458,0.03549394387259885
0.0014921243476479697,0.0007843810160227992
0.0005807864532721656,0.0005001885333458918
0.0004263197326266855,0.00039428953483247787
0.00036416795316294217,0.00036841708690477234
0.00033017752585940525,0.0003306832557026238
0.0003063626760215895,0.0003148696954500215
0.000289076678012931,0.00028747552932028317
0.00027560874890831085,0.00028869787806525584
0.00026494462380203686,0.0002724782915546366
