train_losses,val_losses
0.009004461665459856,0.023898167590213185
0.0013468270898884624,0.0006478094867720811
0.0005144361956478958,0.0004627139875166347
0.0003633726808104851,0.0003676394806302655
0.0003019980699892611,0.0002954696659541789
0.00026816078478672907,0.00027756884481633967
0.0002481107358049758,0.00021849629281688634
0.0002315360186684005,0.00019384075411401491
0.00021759011869540556,0.00018835979278613928
0.0002081331943876538,0.00020262203415672707
