train_losses,val_losses
0.01235120279413066,0.04561115259695798
0.0015963427712892009,0.0008160124234222166
0.0005761284211194834,0.00044380974683343085
0.0004002839586889877,0.00035099588734141437
0.0003364359245160176,0.0003102622410300319
0.0003018629709758443,0.00032754491723393587
0.00027800152426691964,0.000258068954375085
0.0002614966179795147,0.0002630316267631497
0.00024869309323170455,0.00025723489629799585
0.0002389573789799806,0.00022548559671491602
