train_losses,val_losses
0.014410514632576041,0.04353207845808138
0.0016863689671548997,0.0007943385492788476
0.0005037990564805501,0.00036153524258028644
0.0002932500971137602,0.00025234834267681477
0.00022288713883632743,0.0002789938087369293
0.0001868472374033232,0.0001651533575987887
0.00016407044911216767,0.00017900395580171765
0.00014887316124794864,0.0001523126316158176
0.00013629273123529905,0.00014823948217154164
0.00012721568837449932,0.00014950000788367193
