train_losses,val_losses
0.012158918703850394,0.016083393223726174
0.0018626644725602292,0.0009088002778110445
0.0006732531479636166,0.0005574845580050996
0.0004572969288961455,0.000406502303287609
0.00037793289443966436,0.000310444575583843
0.00032741108753878265,0.0002955002761785102
0.0002940698464941352,0.000305668959213778
0.00026985017242211215,0.000237592190556258
0.0002522222808898434,0.00026343201288531236
0.00023555246659339024,0.00023609185930502813
