train_losses,val_losses
0.02229213129734248,0.04965986728912592
0.002377151479695691,0.0018163892934639006
0.0014042633245263715,0.00099960860120086
0.0007486228097638814,0.000582299756907858
0.0005119298392459168,0.00045515541600156577
0.00041667185415618585,0.0004140344780338928
0.0003644006151025533,0.0003425905544647248
0.00033220421039243227,0.00033246471222129185
0.0003082308642608987,0.0003199320576458704
0.00029061203883106644,0.00034596805880323517
