train_losses,val_losses
0.02456702846905794,0.03233979811080601
0.002556303021271393,0.0019229995958602276
0.0016545786836179106,0.001405975388085789
0.0012073769952728203,0.001063248079891998
0.0009311533341134295,0.0008377206642716267
0.0007625293144579338,0.0007199536729368448
0.0006480968740708105,0.0006093181209753766
0.0005637480791779538,0.0005388579150950447
0.0004996364551606386,0.00048559472311726507
0.00045013967673348794,0.0004406549259880161
