train_losses,val_losses
0.01347768773710642,0.05167537400187767
0.0017026054636401053,0.0010192439756593393
0.0007424098181393312,0.0006550259582144531
0.0005334836295480107,0.000487053964777705
0.00044284629981567976,0.00042821012310409435
0.00039239018184447915,0.0003989179043968513
0.00035906447321302213,0.0003675662103320866
0.0003356505422378544,0.0003388325209693854
0.00031767178696376217,0.0003257443869895038
0.00030350879650812895,0.0003139806966771656
