train_losses,val_losses
0.011563438959445338,0.036340379764400424
0.001549664827358647,0.0008983816752000712
0.0006885658342704119,0.0005910394650659874
0.0005090080970243435,0.0005188869568548398
0.0004320180304625683,0.00041860887945949796
0.00038988275594707374,0.0003868444483708299
0.0003604874970147284,0.0003502393806599139
0.0003390780688009181,0.000339380814988981
0.00032294457982683523,0.00030072790278252797
0.0003087392969149005,0.00029301989460378536
