train_losses,val_losses
0.017781814232555357,0.03458465756114258
0.00208037831861841,0.001519942333832907
0.0009248872917109973,0.0005052954211783037
0.00039704464062254475,0.0003337349942810537
0.000273705711009281,0.00031100073517747117
0.00021980498373548176,0.00022464381143408684
0.0001897292974979072,0.0001689239571551769
0.00016830257477171078,0.00017453969352765547
0.00015273806200346397,0.00015330907076659413
0.00014117472357109233,0.0001439823930978014
