train_losses,val_losses
0.016102565802664028,0.039870198841029277
0.001971107065419269,0.0012680901208291303
0.0007435212557314249,0.0005030275952735593
0.00044650300092880717,0.0003925070273289651
0.0003610551132461449,0.0003374954221489684
0.0003170754819777237,0.0003247072028588233
0.0002890469713435142,0.0002838146036333669
0.00027062670547488445,0.00029017848574728835
0.0002555952923975747,0.0002489698511831404
0.0002439594764684237,0.0002595618422167419
