train_losses,val_losses
0.023469683697701565,0.03214189248505783
0.0023072243737319747,0.0018025692881676063
0.0016080905875271747,0.0014682219513917538
0.001305969312149302,0.0011770903578225452
0.0009974150837308096,0.0008432804503272883
0.0006957546143231701,0.0005951702169232448
0.0004989750456905262,0.0004405225694896111
0.00037154726800802426,0.0003407428974758815
0.00029305490031771134,0.00027299578649715413
0.00024438084908630717,0.00024429604034823584
