train_losses,val_losses
0.010330843121828045,0.03375817945960909
0.0015190185454480524,0.0008446174634381896
0.0006767488158270571,0.0005575220206908998
0.0004922118151495378,0.000467905386280705
0.00041396116979901124,0.00044878243348564137
0.00037079853139882835,0.0003575519548082957
0.00034436739658051375,0.00034173683354925017
0.0003233263594809832,0.00034226664565430837
0.00030876320344395573,0.0003181395029478299
0.00029639980556466617,0.00029951037380701747
