train_losses,val_losses
0.016664595487184342,0.036878364621993266
0.0019988368269413803,0.0013717778255145305
0.00085122680676118,0.0005374048991160739
0.000448187690612406,0.00036123892352752827
0.0003517188086372918,0.0003326175200328777
0.0003066663238312779,0.0003029872460482688
0.0002792721892828479,0.00030515257058100036
0.00026019356494897896,0.0002546248483558259
0.00024541759256340546,0.00026293657571890285
0.00023406652160002796,0.0002734916406930324
