train_losses,val_losses
0.03161916165546666,0.057552619845278236
0.002620935315353429,0.0018888381164796862
0.0016967817659525367,0.0015657009392922785
0.0014213302454548324,0.0013244084679399958
0.001225991106643847,0.0011729877107012452
0.0009928335911443752,0.0008859348704058698
0.0007639637241183276,0.0006781452552665182
0.0005923512017760484,0.000550632493479628
0.00046784472443608277,0.0004350618178982557
0.00037454097754593057,0.0003369218057500012
