train_losses,val_losses
0.018485015643781227,0.02407954998324312
0.0022554140517455864,0.0018390324235554032
0.001630097504852667,0.001458852733859035
0.001187947564145154,0.0008873061230926269
0.000709262396478683,0.0005739079644531944
0.0004962455067881987,0.00045720697442987374
0.00040082489971185036,0.0003886486871984111
0.0003506239428163482,0.0003381915681989074
0.0003179888439840336,0.0003174324176799035
0.0002949486126296556,0.00028682943723510885
