train_losses,val_losses
0.014942468998450469,0.03139233966328587
0.001991972807515794,0.001433840581962993
0.0010315361076657923,0.0007567569299812997
0.000632722761368678,0.0005353697582920038
0.0004824706965453397,0.00044504961090604693
0.0003998964180580209,0.00037284963930403226
0.00034884719320546454,0.00034790389398363754
0.0003145507443118951,0.0003144302430030924
0.00029120487154986276,0.00028921117908602085
0.0002729296917150759,0.0002734771638716701
