train_losses,val_losses
0.013681850813028968,0.04541201042385657
0.001600190075274954,0.0008143531257820511
0.0005904276905854465,0.00043022294283175013
0.00035659211524189353,0.0003144555039034606
0.00027079026770501763,0.00024934805074173236
0.00022451837360971835,0.00024924948357919193
0.00019564745502428381,0.00017037974775852637
0.0001744727463872577,0.00018613790419312113
0.00015963058363997526,0.00014862305268861683
0.0001461530279935794,0.00017139861709197812
