train_losses,val_losses
0.027883629442935712,0.03206429257931933
0.002533730997111554,0.0020596915033284638
0.0018512689658085725,0.0017002598601878961
0.0015915226842489123,0.0015052556506321224
0.001401100122619504,0.0013192799863302697
0.0011871824100824874,0.00107143442064841
0.0009410311237039087,0.0008333440870880608
0.0007421349204113913,0.0006845775188299152
0.0005975560785907171,0.0005531341937016281
0.0004996185780312517,0.000475999990258074
