train_losses,val_losses
0.4425382663822942,0.13509051779148268
0.13541226053262162,0.1351465778204344
0.1354167686425992,0.13506472932669403
0.13540875608313907,0.13514308700201202
0.13541097495818652,0.13506451656673588
0.13541194205929147,0.13511119705640665
0.13541156982850375,0.1351396665406429
0.1354088123494506,0.1351214960697344
0.13541203239003044,0.1351539333737166
0.13537463905099975,0.1351047346568377
