train_losses,val_losses,val_accuracies
0.6503520810604095,0.6376075752246113,0.6536
0.634836754488945,0.6306195759925598,0.6536
0.6282687963724136,0.6242817825021835,0.6536
0.6222550276041031,0.618560930220083,0.6536
0.6164441097974778,0.6128315276231248,0.6536
0.6104143747329712,0.6069063386216331,0.6555
0.6044378583192825,0.6013313192909899,0.658
0.5988299874782562,0.5961515342656035,0.6635
0.59362837266922,0.5913456391793089,0.6676
0.5886612162828445,0.5868885446661196,0.6704
