train_losses,val_losses
0.049369350998334754,0.024369384678195893
0.004895644429491479,0.003362383387116331
0.0029216451288907592,0.0026282270778913877
0.002506450122094364,0.0023900994214291695
0.002312956153705262,0.002301827413792069
0.0021822661278476253,0.0021598671335539754
0.0020816152548505744,0.002155350235419242
0.0019978768873529706,0.0020292168576150327
0.0019221307496729155,0.001959586172927526
0.0018565274857205959,0.0018554241987564554
