train_losses,val_losses
0.12085700228113545,0.07990838431264091
0.015679290966615425,0.005916617677884942
0.005474356881721068,0.005115299221375396
0.004518884512611217,0.003927694755884811
0.003647187673615848,0.003445222204739347
0.003252169144597756,0.00312769538300552
0.003018085863785439,0.0029473401315240158
0.002862817408872556,0.002793391169273594
0.00274712420100299,0.002742232384331199
0.0026491135892156557,0.002608653159318273
