train_losses,val_losses
0.03954899380038822,0.011794359824967151
0.003929328732633624,0.0029383768130979235
0.0026949124815641833,0.0025485108109145655
0.0024018330391659044,0.002287086470070614
0.0022357947714749557,0.002197755143932542
0.00211509007054252,0.0021883857578187727
0.0020216063555714018,0.0020192385642595835
0.0019438340446529746,0.001988123979892781
0.0018761626055826782,0.0019604872238353907
0.0018111618770542222,0.0018245358890621856
