train_losses,val_losses
0.04625277836262986,0.031877879746370893
0.00398226706577902,0.0030062366508864947
0.0025882229463163684,0.002526496939285093
0.0023309757239560612,0.002279419976212022
0.002172127091292898,0.002164215115439666
0.0020397551981671458,0.0019858056939004824
0.001918429688115918,0.0020455783045973757
0.0018171583785675694,0.001867826394856702
0.001726400282314269,0.0017784820044652297
0.0016364321663230124,0.00171852039152159
