train_losses,val_losses
0.025965423690501706,0.018760033358046983
0.0031725010969596546,0.00270077228571694
0.0023280159518221503,0.00205875889032225
0.0018329590405692152,0.0016483506180952467
0.0014388553434952908,0.0013401216799402422
0.0012071835392413366,0.001149665537850972
0.0010392705253073112,0.0011147845527410094
0.0009212362327980029,0.0009683847340610721
0.0008394770416369914,0.0008426354414047382
0.0007772564419670433,0.0009619131005137861
