train_losses,val_losses
0.02477950418430696,0.01889866095482807
0.003268905362301376,0.0026418339086000855
0.0024138700947460624,0.0023408418271399114
0.0018946032872113707,0.0017042860996544559
0.0014880847357048828,0.0013746398663058873
0.0012515965511760234,0.0011240773773948548
0.0011056049679843587,0.0011982973771379269
0.0010025456696947084,0.0009703777680698784
0.0009303845299013335,0.0009391136194550533
0.000863291713814582,0.0010214324577286346
