train_losses,val_losses
0.02993839184083968,0.01555103955709416
0.0033530336840134137,0.002650880309942084
0.0024469942761476686,0.0022818642760883425
0.0021687916502403388,0.0020436607778031865
0.001938613436023594,0.001842975049326871
0.0017402581488750082,0.001794896494070797
0.0015166668134916489,0.00144254231882835
0.0012037933584615535,0.001097855797017236
0.0009154202967178432,0.0008550046894031212
0.0007383589447451057,0.0007588670698021525
