train_losses,val_losses
0.04984903742018409,0.03840467881233409
0.004535139878750955,0.003632955057478329
0.003393485306932532,0.0031725240432748268
0.0031728392751867772,0.003042548213138768
0.0029711248622090068,0.0034227208392076615
0.002871927064582385,0.003029050492093871
0.002783269838850555,0.0026641854262486804
0.0027752889752451536,0.0038204588071884104
0.0027123055146425863,0.0027204676487142024
0.0026546075140710143,0.0024724021076793774
