train_losses,val_losses
0.047244463581140185,0.01264881313049285
0.004498368537434667,0.003714892909457806
0.003479572198313962,0.003316242375966999
0.003178273628510546,0.0030655975664727565
0.0029236392233661663,0.0028524911180030296
0.002706326008221057,0.0026865249651740484
0.002564842370316155,0.002533619865358179
0.002465272591542814,0.0024479551571547666
0.0023907273560654007,0.002382245615292557
0.002323459452094924,0.002372816653539564
