train_losses,val_losses
0.02233013032749027,0.02302987267205571
0.0035112426547776335,0.002888232273762644
0.00256786453759127,0.002137539336124108
0.0020039702790969156,0.0019370417189017884
0.0015940107035235847,0.0013708955388468582
0.0013738371678673812,0.0013010798263656212
0.0012322428507880669,0.001082229790895434
0.0011224044731330607,0.0010675051287446866
0.0010370799370034926,0.001040446011982258
0.00095680096720166,0.000978369344418574
