train_losses,val_losses
0.020563209869386628,0.020691555416435005
0.0033356911781523375,0.002699150646966882
0.002440567630705191,0.002077601810982451
0.0018398902580095454,0.001880231669023633
0.0014867214972677175,0.0013964988190750592
0.0012832934285252123,0.0011681442573992535
0.0011518002087902279,0.0011962134790699929
0.0010596029069556972,0.0011620428190333768
0.0009811104770810926,0.0009402678327471949
0.0009091626272397116,0.0009230276423133909
