train_losses,val_losses
0.02700020275195072,0.016770505395638978
0.0031978120989106197,0.0024934504041687795
0.0023566400859488853,0.0022360338695246464
0.0020387064779661223,0.0020096714948091817
0.0017654871470505365,0.0016966536368477482
0.001469642305615914,0.0013907716423250272
0.0011753274169208077,0.0011330046720803013
0.0009600522375437679,0.0009198949519076669
0.0008162782848817773,0.0008005722820540819
0.0007087416650473798,0.0006866337541713927
