train_losses,val_losses
0.13956873555385074,0.13670763031953
0.06554475238329865,0.021673730727248423
0.014004924361761057,0.011155197347324503
0.010174089744236746,0.009298788079957914
0.00884431540546824,0.008397463049372902
0.008117023456256475,0.00785471963135606
0.007724136779014517,0.007593892377397009
0.007498723178192092,0.007503836256999789
0.007361810077051325,0.007311606506967448
0.007262192713825916,0.007244480480591176
