train_losses,val_losses
0.3341312352867087,0.06747411345613413
0.0075863887505896125,0.0070756221578792
0.006846863326227657,0.00729498292090245
0.017083901062647656,0.02695530541374057
0.028288213543345677,0.029527459736563504
0.02809164320589096,0.028183495034502463
0.02921958665620006,0.026926136705204932
0.02789863438502282,0.026937939264278916
0.026329120997547802,0.026699188454397792
0.026398731987305087,0.026386669344145817
