train_losses,val_losses
0.024837247060907883,0.006319915394536397
0.0036113069948321202,0.0032902557418599964
0.0032128108900049434,0.0032897716758015444
0.0031408109525762956,0.0031790280305578986
0.003103102710722861,0.0031060957149755303
0.003076895027692966,0.0031579629583901813
0.0030631879903652956,0.003100857077268116
0.0030478963853131274,0.0031022983487777795
0.0030323512541764065,0.0031498236495443813
0.0030238229370864868,0.003078204428225666
