train_losses,val_losses
0.11335375014502201,0.08596742215709094
0.016576458511017536,0.011046887792130238
0.008427676674230092,0.007330341351619602
0.006992190637724324,0.007230111399842222
0.006372103573292168,0.00638965566771744
0.006124625679438621,0.00613823518782419
0.006027145039742255,0.00612998358483841
0.0059674965026516496,0.0059558327506928545
0.005900395408367915,0.005909798023066599
0.005853358522757725,0.005854552246997283
