train_losses,val_losses
0.11516291742739646,0.06227181256868255
0.016567388502678845,0.007275000355603094
0.0065738564361654305,0.006035828384021107
0.005586103728124124,0.004967822998544745
0.004547947386796606,0.004159182110365124
0.003985176162959293,0.003919157037135879
0.003791487008330211,0.003737726375609013
0.003688930450335527,0.003691783055642323
0.003601657408576139,0.0035780903940150826
0.0035230503619861934,0.0034584418813636214
