train_losses,val_losses,val_accuracies
0.43186800397634506,0.33809928457957866,0.8525
0.3325810201406479,0.3234579580279585,0.8625
0.32189589495062826,0.3193351071292219,0.8616
0.3166092957019806,0.320178538798905,0.864
0.31415892380475996,0.3186084106326484,0.8618
0.3114192795276642,0.31621103060131256,0.8642
0.30951235529780385,0.3086859677879574,0.8649
0.3071040949165821,0.31401211925493644,0.8663
0.30596854555010794,0.31469325754589167,0.8618
0.30329162960648537,0.3064754396296157,0.8661
