train_losses,val_losses
0.07482607092373073,0.021186228770017624
0.005750365348206833,0.003873057609423995
0.003540046609286219,0.003257988026854582
0.0030778529307805003,0.002958327112160623
0.002850230580230709,0.0027878929256461562
0.0027133790215011686,0.0026436034963699057
0.0026065614887862466,0.0025495438832091166
0.002524842541484395,0.0026327881571138276
0.0024589659124205354,0.0024369848237605764
0.0024020478499063758,0.002405600816127844
