train_losses,val_losses,val_accuracies
0.4221552778840065,0.37790720574200726,0.837
0.3786984914898872,0.37145146679954405,0.8149
0.3735578999698162,0.3858555321114513,0.8364
0.3753651046514511,0.3597146403103972,0.8427
0.3840332268714905,0.37651855029618014,0.8445
0.37434215819835664,0.5654477163816032,0.7845
0.47982763627171515,0.3528793746956621,0.851
0.3578544552326202,0.3496114927739762,0.8471
0.41439546291828155,0.4374586650833916,0.7907
0.36006887165904045,0.3779891413478806,0.8428
