train_losses,val_losses,val_accuracies
0.6142098351240158,0.5627829999017259,0.6908
0.5168445211172104,0.46836303360165116,0.8006
0.4342447592973709,0.40161029551737604,0.8278
0.38428956203460696,0.3672674662484148,0.8448
0.3592784130215645,0.3502824419317916,0.8501
0.3468799226880074,0.3423254228057191,0.855
0.3402093283772469,0.3375206366895487,0.853
0.3363640789747238,0.33536162058385416,0.8547
0.33366419632434846,0.33354786162178357,0.8559
0.3317116958320141,0.3321542454698977,0.8578
