train_losses,val_losses
0.046150888980955075,0.03476193614826515
0.0044211241334513995,0.002956424380592979
0.002672309837857978,0.0025532380396659235
0.002374991151626989,0.00245924337246035
0.0022107598831447237,0.0021335396304138846
0.0020631312133176163,0.002139633105075407
0.0019311728360319976,0.0019449899421377312
0.0018057701976257783,0.0018481842972261535
0.001692135541723046,0.001748483145656348
0.001577250456786324,0.0017195839876033615
