train_losses,val_losses
0.03831144839290116,0.013826062951075545
0.004017923482746374,0.003001663730596093
0.002728803968091669,0.0025185278071661876
0.0024332328665836508,0.002362782414231098
0.0022521253943724715,0.0022023735549530376
0.002125353099516768,0.0020886236931709295
0.002024071198360024,0.002043754660968329
0.0019365311839480842,0.0019900810014822075
0.00185381745537834,0.0018378837767908526
0.0017850776938921418,0.0018329495116443189
