train_losses,val_losses
0.05339563532214367,0.03863833822864801
0.0043797754954968005,0.0028512854868326565
0.002637923693938813,0.0025375316808866066
0.002360333565209051,0.00231975483339354
0.0022014195632236357,0.002151900668055991
0.002079227232626905,0.0020842981353271835
0.0019645822748270616,0.001938290341130621
0.0018589842865214445,0.0019248134419747292
0.001762413908641896,0.0017799480445424253
0.0016774497700999503,0.0016818602391505206
