train_losses,val_losses
0.027515523788851637,0.0200141864964137
0.0031055096728004206,0.0024634798395752875
0.002337382959426088,0.002175560853274397
0.002003110434415053,0.001888365911906962
0.0016855005697017256,0.0016276470956912224
0.0014208059780384914,0.0013934652663592983
0.001236053817389301,0.0011912089128703952
0.0011010612107612496,0.0010802638140809486
0.0009921339644485042,0.0011253809039109355
0.0009134221166912769,0.0009307353088094381
