train_losses,val_losses
0.05239612556659159,0.06212927045697443
0.0050422210055763245,0.0031073693987768635
0.002798539642421701,0.0025104847065481
0.0024518387347728775,0.0024297608666431656
0.0022772217504248246,0.0022378730667654903
0.002123282960313378,0.002097395347641788
0.0019713730597762397,0.001983881093651698
0.0018407667095760407,0.001954682832102259
0.0017223466576087884,0.0017222663261800301
0.0016162224915019412,0.0015915655610871085
