train_losses,val_losses
0.15630078931351224,0.13734230280197704
0.09328061958285984,0.043375423905442134
0.02976384368811016,0.021391794011475996
0.015476319736991163,0.011540400107897385
0.009932286684112302,0.009058419627931195
0.008519359387723507,0.008157487986314462
0.00782553417788844,0.007601054236329699
0.0073743072513419005,0.0072149684803811025
0.007045707830028617,0.00692784177700898
0.0067954357852367964,0.006707134656300941
