train_losses,val_losses
0.024453534958768456,0.0174703996192849
0.003128109512884753,0.0025463174081576914
0.002337008175383197,0.0021886637829099127
0.0018786420120714064,0.0017013975504902835
0.0015092117284912728,0.0014524624981149979
0.0012781196609188239,0.0012141722387055567
0.0011198922897016242,0.001030303693107318
0.0010061297620018968,0.0009750889325006793
0.0009143190697748755,0.0009000530391160965
0.0008399688224490728,0.0009487766002696241
