train_losses,val_losses
0.03676598514002605,0.018904361984201083
0.0037156623117422342,0.002756711076063105
0.002584737411400219,0.002468567182005413
0.002293456423297095,0.002277343474182976
0.00210423037813525,0.0020515652160564566
0.0019478454777585416,0.0019110644822412143
0.0017919256629932183,0.0017716106979103086
0.0016585612833190497,0.0018030746351050638
0.0015082512696655487,0.0014748220263551325
0.001323758332786196,0.0013151924887676422
