train_losses,val_losses
0.04123530890999628,0.030331268155378344
0.004154326690806703,0.003028043437173971
0.0028353080681155014,0.0026933572642403613
0.002536454699666615,0.0024720387901572263
0.002317094114294154,0.002227887673845577
0.0021532104127947745,0.0021903568858512193
0.0019854578849028536,0.0021011760924498006
0.0018367739793057538,0.0017800484040428638
0.0017041847798239685,0.0017583187398867678
0.001582222189179304,0.0016211001320781348
