train_losses,val_losses
31.467695907361655,0.13654390921592713
0.13554849000647665,0.1366105837816
0.1356268357421458,0.1380375123912096
0.13560425549015404,0.136929720569849
0.13563417857766152,0.13708173070549964
0.13562853666216135,0.13663189456880093
0.135624158423841,0.13661648898422718
0.13530992911458015,0.1369668990832567
0.13532967957772316,0.13674337574601172
0.13530594594150783,0.13667091017782687
