train_losses,val_losses
0.024363888836620516,0.016839957378010202
0.003178473803114697,0.002586660662005434
0.0023621009847673087,0.0020945630322749768
0.001868886516193622,0.0016897735678863938
0.0014477454168950535,0.0013529997394692733
0.001200607446585932,0.001216824249295438
0.0010482406737878662,0.0009731585404564848
0.0009423533878022484,0.000933665472373796
0.0008572777389076057,0.0010586326849069193
0.000783103354300776,0.0007928417099740671
