train_losses,val_losses
0.03039724436818983,0.02147753597546518
0.003969550366145553,0.0031241648050444673
0.0029596238950108235,0.0030261905575224377
0.0024605736780120607,0.002205669906059402
0.0020452990570593147,0.0017938131503230212
0.0017468106654276365,0.0017453396108849208
0.001579624683045017,0.001416122950513114
0.001473908471782206,0.0013764223748363442
0.0013880835386737536,0.0013989259589674895
0.001334537951403224,0.0012663675571654158
