train_losses,val_losses
0.023890498530124687,0.009138947591317826
0.003111007714110049,0.0026589591224351243
0.00247414078159711,0.002337742456672869
0.0022774416853647353,0.0022100305257198656
0.0021576874179017034,0.0020869955717802593
0.002070345328294493,0.0021132058178452567
0.0020022466104976464,0.0020256538679091596
0.0019424377113252715,0.0019558009772829145
0.0018950815385643178,0.0019416227756747242
0.001854818526541024,0.0019144102473548773
