train_losses,val_losses
0.03126044902784165,0.014811336537688107
0.0034090048238274253,0.002673269950757748
0.0024716184165116603,0.0024460619509193127
0.0021805916063411777,0.0021342980914641225
0.0019282518758220988,0.0018527712542361215
0.0016822470788294616,0.0016104489506856686
0.0013943020832753632,0.0012875929794719685
0.0011130122891111088,0.0010553995632073855
0.0008906133712763384,0.0008563615711561094
0.0007525853400734197,0.0008220966443237241
