train_losses,val_losses
0.028687668460264472,0.01990188287379153
0.003221716349213262,0.0027211551546361622
0.002426809724329276,0.0023027143575334212
0.002095772206696331,0.0020345535674757857
0.0018246312182562223,0.0018274532842290055
0.001579807687868944,0.0015064146632326274
0.0013749197431614133,0.0013380497959885821
0.001212690662000104,0.001259748251449399
0.0010865953913469467,0.0011131616639066101
0.0009864989642347076,0.001049363450931703
