train_losses,val_losses
0.10166805262726289,0.06611392555842893
0.011225023844666648,0.004854023132735862
0.004178180417348357,0.0038259097264318792
0.0036207592161526655,0.0034763423037562804
0.0033656508670384866,0.00327672846477587
0.003180214891180872,0.003109264117463747
0.003023171148287317,0.0029597884197332335
0.0028919549490000304,0.0028730996324353524
0.0027898921474730355,0.0027829744578336786
0.0027103814312927936,0.002716023793842022
