train_losses,val_losses
0.037800819119876115,0.03568300055313863
0.004056590369974097,0.0031519123319296285
0.0028350905400549463,0.002547183494138003
0.0024779889964248332,0.0022926987162670623
0.0021914208330026928,0.002003098439905555
0.0018941494849786245,0.0017909720040699096
0.001652035054356483,0.0014892133502645661
0.0014787943407198539,0.001362412610866665
0.0013462858979213113,0.0013228629932665033
0.0012486480857563508,0.0011541646923125246
