train_losses,val_losses
0.023734728209088788,0.01498260475505651
0.0030562693639897536,0.0025749961508341017
0.0022868472201815503,0.002068575026451578
0.0018406625543562895,0.001675484682411633
0.0014538956523867548,0.0012967619828371717
0.001178273929598632,0.0011056520577107651
0.0009936808156668032,0.0009746897101408763
0.0008698010977098032,0.0009105918242052223
0.0007766656870888365,0.0008627850196134137
0.0007032885070311632,0.000723797298029142
