train_losses,val_losses
0.024867912865853152,0.014541679123424288
0.0030938770612057727,0.002537566327458207
0.0023161918694450875,0.0020465220636547796
0.0019083609480445801,0.0016921610611257592
0.0015024987740916596,0.0014205546264110468
0.001111878260335332,0.0011256699975483893
0.0008796400363447722,0.0008393296720026828
0.0007506820970003742,0.0007490795256282331
0.0006668934280386425,0.0006477907343484774
0.0006052441291802544,0.0006364204766777714
