train_losses,val_losses
0.057949831048595225,0.024075160890786356
0.00481158374263391,0.0031433364490222244
0.0028784406888517308,0.00271509221527864
0.0025552205326749024,0.002403510025262176
0.002378096702074258,0.0023545345813897733
0.002263573076098442,0.0023201254699138974
0.0021781055581834266,0.0022719306748559564
0.0021069408303444107,0.0020771229021572723
0.0020465667081208906,0.0020308686818661594
0.0019997783539714344,0.001986803250533546
