train_losses,val_losses
0.01947055926438239,0.017464174315505423
0.003145535683189044,0.0025701158578148174
0.002300661609297492,0.0020730251459115784
0.0017173524872976676,0.0014265050656467539
0.00135225995739419,0.0012605218501985222
0.00116168141289227,0.0011123319198443418
0.0010322566761213382,0.000997871959844211
0.0009341461105603706,0.0009014690772559725
0.0008643945122907582,0.0009163650225759894
0.0008118097215298225,0.000852299336975734
