train_losses,val_losses
0.04579561441277545,0.031138499919891267
0.005166560167729747,0.003535633273868564
0.0034286840432596003,0.0034630553373864548
0.0031067390611152035,0.0028873208890234526
0.0028559482912252094,0.002729519745199637
0.0027015493370928247,0.002445153059086856
0.002584323619811817,0.002689560779713952
0.0025107479194972134,0.00256139053070106
0.002449618107477353,0.002328895155101941
0.0024341324485630156,0.002419739591324345
