train_losses,val_losses
0.029558993347842493,0.029615362363367745
0.0038580839038594365,0.003183127116262081
0.002864986887610409,0.0024546213463999852
0.0022927405715573138,0.002030341081651755
0.001768553706772959,0.0016776214512276555
0.001475878082810972,0.0014684439260007854
0.0012949971457619732,0.001334161429721188
0.0011759938417897579,0.001157608376815019
0.0010794696789790622,0.0012207384409635307
0.001010504313605668,0.0009611890475363187
