train_losses,val_losses
0.1367771783238364,0.137650941965733
0.1352887402489626,0.13700755002664372
0.13527343998652916,0.13691126139246843
0.13527194796342779,0.13662871436320523
0.13532020527232805,0.13672616638761154
0.1353221757645816,0.13663243815541906
0.13527690855959068,0.13683698257819854
0.13527992730011243,0.13685729716391487
0.13531931516407772,0.13664379353351133
0.13525693337167766,0.13671724417789735
