train_losses,val_losses
0.02549797170492184,0.020150038870564435
0.0032899153077568816,0.0027049399178507073
0.002441370801430386,0.002092954348714934
0.0019476656308972066,0.0018083272293699325
0.0015437454599861987,0.0014099787162976656
0.0013011352674818875,0.0011761312193487928
0.0011309263717856272,0.001061343181848533
0.0010256140899828831,0.0010753078384419638
0.0009306823083607309,0.0010315708139183133
0.0008637228404437992,0.0008647978522618187
