train_losses,val_losses
0.027341474405313915,0.014758159622981928
0.003204919878869133,0.0026213708073845594
0.002395285771400743,0.002255334984848573
0.0020520905680338434,0.0019212496714949932
0.0017604925012794184,0.0017357541455050418
0.0014688177968433989,0.001542321594560222
0.00122739493493647,0.0012073328720567666
0.0010664183277589437,0.0010142649507042074
0.0009421393963903888,0.0009581862651047877
0.0008484814117324823,0.0008778848293730044
