train_losses,val_losses
0.02033847171855954,0.01819252739504551
0.0034240811112556642,0.0030784751430759476
0.002496815753978529,0.0021401533921973936
0.0018912290911240626,0.0016441573099957726
0.0015397125480544212,0.0017519074771220125
0.0013272088046838296,0.0013604632180624016
0.001205535454686729,0.0011429060235041617
0.0011084044023923116,0.0011832827569667839
0.001027630126410007,0.0010619164051546837
0.0009680966595224086,0.0011210285533238896
