train_losses,val_losses
0.060456644562131755,0.033215372407900505
0.005202570854418172,0.00329320226270194
0.0029064805569671563,0.0027218855451315365
0.002526518549631521,0.0024212884039578235
0.002342094790149987,0.002445162525262157
0.0022181907846285775,0.002233145600180027
0.0021276090704887302,0.002194544809205328
0.0020538781571165328,0.002127673168547144
0.001994477761615374,0.0020308114319050217
0.0019347125562243878,0.0020045058211791435
