train_losses,val_losses
0.04670178023686825,0.0423052850133729
0.004771955485101703,0.003150607000692865
0.0027293531807284373,0.002489915506281431
0.0024053179760435807,0.002317294440929308
0.0022104823182610886,0.002128435616615298
0.0020336675644974556,0.0019886988427208515
0.0018694086987369554,0.0017449948267788192
0.0017181988604436655,0.001752225373508665
0.0015763569586116136,0.0016282396927815865
0.001449534719285614,0.0014230569076510338
