train_losses,val_losses
0.030788365551615644,0.016758867558921316
0.0033211446366067728,0.002628367552479986
0.0024003863084746174,0.002186659197379344
0.0020557164240273904,0.0020195443302606975
0.001764508130272911,0.0016239440092314424
0.001462544865491222,0.0013859102361922066
0.0012141171497937302,0.0011535680136130586
0.0010265779471570436,0.0009627086670089814
0.0008967990169542559,0.0009561966674563891
0.0007940734658813752,0.0007882687727060044
