train_losses,val_losses
0.03643145532028579,0.018334469299181023
0.003761063935424017,0.0028599342667830112
0.002537571408661909,0.0024803584412009536
0.002283757148982935,0.002246287681889009
0.002127607320201828,0.0020447048678675496
0.001992427116959798,0.0019359064880472808
0.0018550044440239898,0.0018490077258749786
0.0017378747659054746,0.0017660353987980469
0.0016191770027204112,0.0016248232048694429
0.0014831422546714994,0.001470053120369262
