train_losses,val_losses
0.02702754045823456,0.012324692860309934
0.003256234322319102,0.002695534133496855
0.0024366197755242075,0.0023397302612309053
0.002106294888506215,0.001984635798565658
0.0017940771098837523,0.0016498465875789908
0.0014561111608608656,0.0013714180134060182
0.0011045874692474339,0.0010161676592041
0.0008596371882281897,0.000831389530132332
0.0007094717822581363,0.0006986239756023961
0.0006218436331133886,0.0006163396968020544
