train_losses,val_losses
0.0357891253910945,0.014534746211968728
0.004396143188180112,0.003911025096761582
0.0038578913013434957,0.003876988218570525
0.0037473594071033354,0.003855188034062625
0.0036539785163757664,0.0038558712879913385
0.003614098675300213,0.0036716292649469355
0.003604513635585166,0.0037931554288542293
0.0036051171361687296,0.00414115967874064
0.003595334812628457,0.0036696744739215395
0.003591406004821,0.004075636408390996
