train_losses,val_losses
0.03202104238258719,0.014442901987784099
0.003454302051780736,0.002718676637627312
0.002479738328044151,0.002356464647425291
0.00221021781402411,0.0021874430585729536
0.0020041452471126907,0.0020394627833367454
0.001794653368740438,0.001746759353075548
0.0015677967055687581,0.001477498635404247
0.0012447758855100564,0.001097819630532231
0.0009453572785399135,0.0008894338155599136
0.0007624074474831243,0.0007328592271489646
