train_losses,val_losses
0.08067692682080405,0.04061626960897142
0.007058566171941263,0.004101317513360843
0.003810049446129926,0.0036007297548818155
0.0034687833059612217,0.00337784185599251
0.003314744305023139,0.0032672258083686224
0.0032229251058726346,0.0031864496501457424
0.0031538065786426454,0.0031638174220925998
0.0031014827896803454,0.003075505690961722
0.0030537433834451704,0.0030395572064859664
0.0030094474845428166,0.002986807680731235
