train_losses,val_losses
0.06960441933413865,0.021723515740109937
0.005316246908469166,0.003782913372855213
0.0032912459951221417,0.002964289480360255
0.002785530207501139,0.0026740200599956916
0.0025611351895490565,0.0025132926818970894
0.0024267526852477105,0.002437148115454232
0.002323607162998184,0.0023137130106140307
0.0022411218331994495,0.002338504508087138
0.0021750753341103156,0.0021690850502548964
0.0021171430451171437,0.002104547198064033
