train_losses,val_losses
0.04353501983012909,0.02346669684550497
0.004152929399656773,0.0028294013892239804
0.0026095223709290197,0.002604021838452189
0.0023313089485535853,0.0023011170180141463
0.002167223254128481,0.0021132039548485654
0.0020471623524328,0.0020185961235116563
0.0019425808406997615,0.001994931193687003
0.0018469380707103558,0.0018547995990533116
0.0017600548148968026,0.0017921558566641475
0.0016812455478153623,0.0017098749872881363
