train_losses,val_losses
0.027649180809587188,0.01574596382823645
0.003231997270626053,0.0025996617407369697
0.0023947637217400903,0.0022268466058936883
0.0020564486999442248,0.0019489149496694173
0.0017636256376380706,0.0016441300506609782
0.0014029919428160899,0.0012815707503787375
0.0010143311491339613,0.0009249874623739133
0.000796535928597243,0.0007629738651733267
0.0006656035019634067,0.0006187654898870736
0.0005803440482617142,0.0005633131703157664
