train_losses,val_losses
1.8323354934218525,0.1635114716886282
0.16634209661209584,0.16358032405495643
0.1663903418315947,0.16425740699410438
0.1664118837185502,0.16423098190593718
0.16638402433428168,0.17891138265657425
0.16637306435799598,0.16551535017740726
0.16632984854549168,0.1654127962985039
0.16509731805634498,0.16371767610967158
0.16508845891693236,0.1655765918648243
0.16510120321935415,0.16722008168244362
0.16510839209100603,0.1636425864673853
