train_losses,val_losses
0.12454589352932861,0.09209772734667203
0.03449899024723364,0.02234910532923926
0.021655486845206982,0.021296614861329694
0.021191799658214498,0.020922928648229297
0.02105720397017338,0.021365963214302817
0.020989982351847587,0.020587851224959656
0.020857389061022788,0.020740613696160055
0.020776181075944897,0.02053680853304415
0.02073603621029907,0.020596979080637515
0.020666285113099286,0.02057163054561935
