train_losses,val_losses
0.11938986570720853,0.06500318928740802
0.0214008765788253,0.012559227200780619
0.011238196896184141,0.010647368933026626
0.009863016756680703,0.009483619097970674
0.009109390302964019,0.00896931933010984
0.008748746505796458,0.008765624281159913
0.008571705897539496,0.008573506744908341
0.008443761849601876,0.008465300104136363
0.008329369352950321,0.008341040101282301
0.008217661498341675,0.008255270186423134
