train_losses,val_losses
0.028244647601806977,0.016724284794823876
0.003248608191271941,0.0028264091364589745
0.002425276173150026,0.0022847590982464365
0.00212641066111852,0.002055154872680854
0.0018836253087551366,0.0018128150866912871
0.0016398479386370774,0.0015198471304430658
0.0013961318304407096,0.001374640487262915
0.0011888900044492712,0.001209183611108215
0.001034472843961952,0.001015861555392019
0.000922014544083767,0.0009299545254004348
