train_losses,val_losses
0.19442077955551423,0.13654202191364384
0.13497490665456233,0.13650578008744055
0.13497993089910884,0.13650673543449288
0.13497953673960866,0.1365068214499496
0.13497684998428172,0.13651054927237125
0.13497601682176366,0.13651135873076353
0.13498425316238194,0.1365084330542694
0.13497969113773714,0.13650572860860924
0.13497806266794243,0.13651055507323523
0.13497530158904567,0.1365109188319112
