train_losses,val_losses
0.02129218456163825,0.017284242713675305
0.003216357945852335,0.0027143329814886233
0.0023354682985028147,0.0019947111911219157
0.0016981351782292223,0.0016294276964045245
0.0013420253084274287,0.0013360421438788047
0.0011623503039105937,0.0011374149326264108
0.0010371227256404257,0.0009183263726771017
0.0009383858792788665,0.0009490068136986337
0.0008603672291848558,0.0008903210172242522
0.000807310914780372,0.0007494574366359113
