train_losses,val_losses
0.03490787011800141,0.033101838959731476
0.003948027650364529,0.002621627873767211
0.0025995975305405953,0.0025845774698623515
0.002310875476745393,0.002199921695658465
0.0020581562879881435,0.0020794908677048275
0.0018232209430426912,0.0017389197747637686
0.0015486945726189592,0.001612595514286773
0.0011831359284924766,0.001017209370676352
0.000908170727264724,0.0010140334438215105
0.0007533123177934943,0.0007135949661039349
