train_losses,val_losses
0.13534346690826843,0.08357663886508039
0.018616097318466154,0.008989830331044701
0.00768439898756142,0.006702671347828319
0.006120191097006988,0.005230283679896534
0.004670056091310936,0.004419069627665993
0.00422186246379071,0.004026569279031091
0.0040128649459974675,0.003931685391723689
0.003871705783259893,0.0038604421472876885
0.003759338359456099,0.0036487302866199133
0.003674492290559385,0.0035915811295308396
