train_losses,val_losses
0.032789156105625446,0.025500319775938987
0.003877181286161067,0.0031303375988150947
0.0029614430556335718,0.002708631294243969
0.0026005083885567728,0.002580271077109501
0.0023320671845140166,0.002085305428161519
0.0021094671647791984,0.0019473799450614023
0.0019321985536851572,0.0018621488054574
0.0018079456988009041,0.0017658783721388317
0.0017039108919794672,0.0018092062544252257
0.0016133934520017647,0.001561581726159784
