train_losses,val_losses
1592793.5998147032,0.508254187228038
0.1568614563128734,0.13651200840674077
0.13500983346500278,0.1365324093648717
0.13541887187729698,0.13834113056226116
0.1362807183387919,0.1372728227146822
0.13636619362560512,0.138559123980056
0.13629627081238035,0.13653706268488283
0.13630683228745097,0.1371461407554529
0.13566697974747763,0.13691024213183675
0.1357061042212533,0.13655015188793837
