train_losses,val_losses
0.027324919078614403,0.017475586066047995
0.003374653159660174,0.0028399060954003882
0.0025618600196135014,0.002426566553246458
0.0021503027438949975,0.0019898904886688764
0.0018174330159301667,0.0016911033419184816
0.0015775630989232146,0.0014946924944430364
0.0014069490626799157,0.0014401934662957182
0.0012699458987333997,0.001188619845027816
0.001162106333704824,0.0012311794913019865
0.0010775280096684667,0.0011180927679641675
