train_losses,val_losses
0.028179590835628873,0.018969673999642903
0.003317122717606382,0.0026516753872499353
0.0024477288895664367,0.0023288456577145573
0.002084043902400977,0.0019924859350799943
0.0017424528918948139,0.0015394715399956634
0.001327115124802189,0.0011240931261457217
0.0009919498745287812,0.000862480793783584
0.0008006864726262003,0.000762993382170843
0.0006940844336495931,0.0006394578558705324
0.0006142952060743316,0.0005926653541553118
