train_losses,val_losses
0.15975197076948575,0.13710576900032295
0.08713556265559615,0.04320260661256592
0.03219521914955537,0.025828115981195637
0.02350168764248724,0.022066904036927293
0.021125283627473474,0.020523762652472563
0.019822428087033155,0.019376537579585587
0.01896681851211002,0.018778724582288523
0.018411836058580194,0.018231628553625957
0.01797658594908476,0.01780544612720086
0.017562844096952183,0.017370431671975647
