train_losses,val_losses
0.1243449763455581,0.09291213125333606
0.017456857753586297,0.0061083747075605065
0.005555415467254403,0.005194841653014141
0.004727232161412994,0.004238948022291003
0.003938841424224873,0.0037229167392622497
0.0035600209965620196,0.0033998395155340486
0.0033001560062706874,0.003186224531147324
0.003098769184191803,0.0030363756306683904
0.0029524950771914254,0.003023356986051861
0.002843851127371382,0.0028253068948061455
