train_losses,val_losses
0.027412653537653386,0.014766409756988287
0.0032114684499567375,0.0025058911196887495
0.0024112282242043873,0.0024077712947968392
0.00211984381073853,0.001972549341339618
0.0018520516997319646,0.0017704218757338822
0.001586322200857103,0.0014920101614668965
0.0012427341619040816,0.0011352462927345186
0.0009299281231651548,0.0008648565192706883
0.0007525869760254864,0.0007490187673829496
0.0006494077003531857,0.0007778383222874254
