train_losses,val_losses
0.024990022488314542,0.01755354110501072
0.0030861793564105253,0.0026491617267782297
0.002328094630822737,0.0022037664815652423
0.0019069664039145235,0.0018148021944366349
0.0015230585746076194,0.0013434420268406094
0.0012481014140124276,0.001188806263113837
0.0010739276582228952,0.0009679824643770033
0.0009419977670765307,0.0010219026348594678
0.0008533599770583896,0.0009208075355170631
0.0007775090113391585,0.0008115046082075432
