train_losses,val_losses
0.19981789363705402,0.14518498031657967
0.13590856200003515,0.1365016336916175
0.13497205758025319,0.13650105987174427
0.13497286439818126,0.1365003849198617
0.13497285787149144,0.13650010287423736
0.13497278564529402,0.13650484213504607
0.13497265245521373,0.13650091140460988
0.13497275375267853,0.1365007700344586
0.13497144404402905,0.1365029231865383
0.13497098873485566,0.13650062599824486
