train_losses,val_losses
0.032457049373974305,0.01950146473138188
0.0033561832344427157,0.002579140619560339
0.002435079796360048,0.0022571142259149722
0.0021466843613025892,0.0020751458557235385
0.001902581900946327,0.0018359951394727443
0.0016913852053920305,0.0016503644101032962
0.0014798108422171433,0.0014433670709678157
0.001281273037567366,0.001241658417874914
0.0011039195935530909,0.0011075849260577051
0.000969754592179977,0.000993736311795631
