train_losses,val_losses
0.026276330415146164,0.019652429339428446
0.0032384436755535637,0.0027509163788131696
0.0024521465633280124,0.0022135491128839973
0.002026698245064482,0.0019133388962093956
0.0016535536345150166,0.0015174634766924485
0.0013947464581621713,0.0013009361758683179
0.001228539666635705,0.0011565770622216833
0.0010956206549521878,0.0010843234814180821
0.0010050433803598356,0.0009915298891660868
0.0009298394479865303,0.000909941643104527
