train_losses,val_losses
0.031127115468514037,0.018338071972474942
0.003410203935932321,0.0025903837310218194
0.002464265081734681,0.002335333043594099
0.0022099500930658445,0.002211950959532965
0.0020170036706714622,0.0019236777684201742
0.0018239522378153935,0.0018635555355377932
0.001618969654954807,0.001564735458195594
0.0013625906013451402,0.0012361928190492565
0.0010690531058143422,0.0010043190218337978
0.0008629533613479703,0.0008425189999639166
