train_losses,val_losses
0.034028391904068735,0.02471551466075064
0.004116938424438583,0.0034332332898555523
0.0032381427237076856,0.0029782680410231493
0.002942307354183934,0.0030486790985605004
0.0028038114805394787,0.00287707244428363
0.002681058070865367,0.0027821457181918495
0.0026140987733604603,0.0024783758564758764
0.0025421691511711138,0.0026532544529841826
0.0024913880862460626,0.0025292663237166317
0.002439746396880007,0.0025498493437709764
