train_losses,val_losses
0.061138417198128306,0.02207606916097737
0.005167767294642079,0.003549618781418765
0.0030617736083936417,0.0028938304651944056
0.002630232827832532,0.0028373047852928517
0.0024380191178517852,0.00243395547606276
0.002305488968704256,0.0022970495168223534
0.0022064147666785113,0.002171613495744121
0.002128367662513265,0.00225137300444438
0.0020671157095435598,0.0021333165756092652
0.002008308131021098,0.0020863668180372027
