train_losses,val_losses
0.025962426183835537,0.02550796711866981
0.0033813338816170058,0.0028726659733602313
0.0025833473762475255,0.00229442680406814
0.0020747791023353335,0.0017799267748294305
0.0016503684384895807,0.0016390916520020837
0.0013894143365338187,0.0014126260978267555
0.0012408130580689096,0.0012293214861168553
0.0011474911525971806,0.001120320904165432
0.0010557513083879555,0.0011077891808270461
0.000995655093116643,0.001245432250939114
