train_losses,val_losses
0.04222492079648954,0.01870400058291266
0.004096334051674482,0.002974425869698735
0.002703463303394557,0.002519048011963376
0.0023812407402509918,0.0023466482139676264
0.0021774388345268867,0.002052233418462464
0.002017949714024094,0.0019935535602682002
0.0018843507191002506,0.0018094097897371302
0.0017769849212171652,0.001885424869842065
0.001661169863418429,0.0016155780394071007
0.0015506026409768067,0.0015801539553470074
