train_losses,val_losses
0.17635597955239446,0.14001656663522385
0.12662926002552635,0.10491127632630963
0.07062745535815204,0.053478277413642895
0.04615330716711242,0.041249776019426115
0.03852690658559315,0.03693091231407362
0.03538214155249515,0.0344836668639678
0.033572610414116764,0.03305930865031702
0.03244131366081434,0.03204161620047125
0.03148695286163664,0.0310665964571937
0.030533577443498095,0.0300914158220412
