train_losses,val_losses
0.05332643278566639,0.051709576620635
0.005082716268968069,0.0031791614372188816
0.0028020285772255645,0.00244821984271862
0.0024683239862509252,0.0023385665208964213
0.0022850688050608044,0.002178937194159689
0.0021331339602862287,0.002024649964270918
0.001990816405697232,0.0019311122634463845
0.0018627592579914583,0.0018083783090274957
0.0017372221666991138,0.0016886877594818254
0.0016087449610531893,0.001572513638212224
