train_losses,val_losses,val_accuracies
0.6310976042032241,0.6022096352455334,0.6536
0.5792077635526657,0.5542162290205971,0.6795
0.5315062507867813,0.5082890912176321,0.7706
0.48920505986213686,0.46959122586935853,0.8155
0.4540314227104187,0.4379539264086336,0.8348
0.4256921809673309,0.4127825192940502,0.8469
0.4035599693894386,0.39351726378114843,0.8539
0.38668044304847715,0.3790774408239907,0.8582
0.37360251226425173,0.36754950904808104,0.8619
0.36344677082300186,0.35834581097855733,0.8644
