train_losses,val_losses
0.11818193449650127,0.10199120693421877
0.018278744632008456,0.013271741151094254
0.012669008940090097,0.012860110387688946
0.012065337675960113,0.011599865985417911
0.011719472003441858,0.011506182904885028
0.01161486160404637,0.011697410565434902
0.011512218904352289,0.011207175889083217
0.011326698441017066,0.011976367102199091
0.011248462801911567,0.011280874661868698
0.011192048725540511,0.011108551932601018
