train_losses,val_losses
0.04132454609278126,0.02243321718395271
0.0051068281611205005,0.005174099635326676
0.00452679133688042,0.004229677812360413
0.004415832359662293,0.004954822846541646
0.004388028196827859,0.004662743244846456
0.0043728081623632484,0.004336245014992724
0.004380696226185188,0.004434837712868401
0.004375428851297306,0.004792204218828707
0.004369669983108361,0.004428867560131594
0.003822239142597851,0.0037615040670802755
