train_losses,val_losses
0.07615498011447928,0.02608428298226071
0.006375490240097365,0.004339451277316753
0.0038147372438770677,0.003518463585075968
0.0032782239883063303,0.0031057189182469003
0.002969228938576735,0.0028882242379200825
0.002783075447766034,0.0027293329831831717
0.00265859579163139,0.0026059911536689103
0.0025681992440453574,0.002545592222814272
0.0024952972499060143,0.0024725885177521935
0.002433626052527775,0.0024045120936403283
