train_losses,val_losses
0.09730110354786636,0.07632455908108589
0.01636802806504327,0.013139853864734949
0.012852052261377048,0.012424011849040208
0.012507554316154454,0.012995100868216088
0.01237093839858402,0.012476683057151562
0.012259260962305544,0.012497598327003246
0.012205235389954626,0.012765373971833046
0.012171340165209583,0.012323092422339805
0.012113374548361582,0.012118649209827878
0.01200933971409195,0.011759116097764914
