train_losses,val_losses
0.01858984344831008,0.013708350954629606
0.0031801394678906032,0.002838358522468806
0.0024262332338111587,0.002111481471672623
0.001837115857586624,0.0017234957471403745
0.001515906193335034,0.0013764641958525067
0.0013389720720964502,0.0014018489883727589
0.0012148587136750564,0.0011373967956648722
0.0011227434099106554,0.0011703823870381925
0.0010568086685844992,0.0010915169036716538
0.0010028753527400484,0.001163335115797169
