train_losses,val_losses
0.030619200623290488,0.012082140774820121
0.0035215374960941986,0.0027028699106909936
0.002501772917264564,0.0023703462376106392
0.0022171989130858835,0.002164826783625415
0.0020207501039327977,0.001961957692621491
0.0018567947875769944,0.001806367648444611
0.0017214117808895186,0.0016853663522926649
0.001578427113601865,0.0015461559050812508
0.00144093806194447,0.001396537258836127
0.0013105038845347523,0.001334792012480147
