train_losses,val_losses
0.02402431814394891,0.01968119452148676
0.003247956239087507,0.0026069190874882043
0.002397208408224396,0.0021666310629062354
0.001916174476868473,0.0017006211060285568
0.0015383829029789195,0.0015790887449495495
0.001304514205728192,0.0013010894708614796
0.0011327925160469021,0.0011116709380969406
0.001012077330192551,0.0011197151667717844
0.0009163287512212991,0.0009195196177298204
0.0008478447379881982,0.0009421496768854559
