train_losses,val_losses
0.042468695735255683,0.024823946454438788
0.00391651264336823,0.002749850300398993
0.0026075872898781004,0.002484791883450118
0.0023332474992127238,0.0022872868538891134
0.0021457358067090353,0.0021297610807446236
0.0019817862166077948,0.001938927237017721
0.0018196697475254468,0.0018110353894798272
0.0016630249483553599,0.0016337369773836861
0.0015137789064627045,0.0015119636293889557
0.0013804304134258996,0.0014343477591812386
