train_losses,val_losses
0.06336849760613404,0.06254717936553061
0.005684549399200478,0.004918420129164588
0.003608143805999134,0.00280057313432917
0.002671102613952826,0.0026131995304021984
0.002451470951527881,0.0024548168819746932
0.002302106034156168,0.0022031379183172248
0.0021791722870329977,0.0020563745965482666
0.0020727300227808883,0.0020200621492404026
0.0019819548400191707,0.001938418992300285
0.0018986653847823617,0.0020378746446804144
