train_losses,val_losses
0.020918960472946068,0.016864993219893442
0.003176122676402093,0.002642948295511744
0.002305246706510436,0.0020489853666652044
0.0017485572556253648,0.0016165954014790015
0.0013812955903595185,0.0013157330519088478
0.00115880119576504,0.0010504863597930532
0.0010142029912324647,0.0009756804989517195
0.0009221043397177449,0.0009497538366358643
0.0008581954751962648,0.0009134846225060879
0.0007856378301384062,0.0008209619020725024
