train_losses,val_losses
0.11970571170817838,0.08659657819154568
0.03297749603406381,0.029332900527055915
0.028668003839707315,0.028099777629070292
0.026144704110583398,0.02286273845527461
0.022655215276086348,0.02209576636533554
0.022054646361582903,0.021993293760859064
0.021694693392449702,0.021705182713869595
0.021506505489267077,0.02160328989445855
0.021377692648081932,0.021226263872025662
0.021291564436019476,0.02225528600629195
