train_losses,val_losses
0.026307209663857033,0.025444571404277985
0.003223582077302283,0.002716444311750661
0.00237564196308674,0.002208318822183299
0.0018867679853382744,0.0017788562244862877
0.0015231936245478405,0.001410050499769082
0.0012979430466468335,0.0013228486282183868
0.0011445483501943364,0.0011093466947171902
0.0010342582344454127,0.0011347567514868474
0.0009584989117327255,0.001042315455326891
0.0008846168140466859,0.0009378749383924553
