train_losses,val_losses
0.030911715200795,0.010830108674090518
0.0034329436294476836,0.0027348957736958524
0.0024623802543683603,0.002285342495335515
0.0021720092025775376,0.002137179659636524
0.001990373947328679,0.0019610011403258416
0.001850456928952255,0.0018004009702640733
0.0017329753604011986,0.0017495850254584425
0.0016197341375702025,0.0016400060382066985
0.001492156883617872,0.001514823012495692
0.0013730635040915186,0.0013285522446810222
