train_losses,val_losses
0.028515549995402536,0.017035160282019773
0.0037403787006382184,0.002832793222097857
0.0025990490507407874,0.0026367609098413907
0.00217451567376287,0.00203859607128125
0.0017698690609832522,0.0016213750943772532
0.0014315821435698858,0.0012893984132882547
0.0012266678643669676,0.0012221665569807404
0.001084689918250194,0.0011664353367639966
0.0009714837992772391,0.0011182822522259872
0.0008860195919950668,0.0008666118113365763
