train_losses,val_losses
0.025177695591638866,0.06720493408676444
0.0009918293192753694,0.000595391871389694
0.0005146658889812791,0.0004991263109030934
0.00038637768647160214,0.0003535643608618123
0.000316682450257003,0.00028414617959437614
0.00027573082385845175,0.0002691651998894872
0.0002499003800810673,0.00023707096194430568
0.00023189344892532576,0.00024946818648101463
0.0002180516726800584,0.00020344897386331945
0.00020676904785616628,0.0002119686495432039
