train_losses,val_losses
6140880.582769858,0.1632580522505134
0.16664725059517693,0.16324621757042843
0.16667189851241498,0.16404731252198987
0.16672698258041146,0.16466283369505855
0.16674206774933642,0.1635143012545997
0.16671884264185988,0.16346087983123017
0.16670173351740947,0.16327214175600338
0.1652435931471901,0.1633139703837004
0.16524073233220105,0.16324995888974797
0.1652601763503902,0.16485821728576028
