train_losses,val_losses
0.08743509137935868,0.10457065006174142
0.002129820177211985,0.0014064590130640762
0.0012256947503199206,0.0011454941387086296
0.0010937050504606536,0.0010697961956887896
0.0010180317712035127,0.0010151820933670187
0.000962423662368282,0.0009655790935554923
0.0009093545191747283,0.0008766481435305642
0.0008414471149437859,0.0007946405103578378
0.0007510716232130373,0.0007101332805858797
0.0006830824438219869,0.0006893035997776993
