train_losses,val_losses
0.07461276627800592,0.11801862142540988
0.0017196376204744658,0.001141376965398303
0.0008954499553952468,0.0007322799058725018
0.0006738476574304894,0.0006400460290867727
0.0005504811375964299,0.0006094664920579225
0.0004643609133777283,0.00043179474428503843
0.00040202317291657504,0.0005294823466319563
0.00035632907753786806,0.0003677622955124623
0.00032171913897146654,0.0003049549378380062
0.00029488389138262083,0.0003800820299708911
