train_losses,val_losses
0.027301914211283265,0.0690778882861341
0.0010539958430072838,0.0007327508967362575
0.000603017131938886,0.0005143945124303669
0.0004767261467595335,0.000474353095698786
0.0003973095624357213,0.00037554951243460726
0.00034147252180954967,0.000330187412085827
0.00030705604830798077,0.00028762103382323344
0.00028325917928850923,0.00029779727135433075
0.0002648474262324568,0.00024843478386281565
0.00025025582797726727,0.00024726420808357275
