train_losses,val_losses
0.030675257080385755,0.05223384067952324
0.0010763875811884854,0.0006442044149587435
0.000567131529348142,0.0004423839351494855
0.0004129227919360286,0.00035869028105946937
0.0003262582688150506,0.0003452696161847541
0.0002778488586379844,0.00025567368012813284
0.0002473759733261135,0.0002579563873767878
0.00022656047592812858,0.00023579426651154441
0.00021079809632866986,0.00021637441888149782
0.00019863537257977257,0.00019995786444785651
