train_losses,val_losses
0.06421804740224477,0.07900998499414662
0.006647512662373558,0.0011594768460301986
0.0010676748624491854,0.0009362080413155248
0.0008606978632271343,0.0008660039901814477
0.000697905274676507,0.0005892956725124014
0.0005647751597551958,0.0006062952342579911
0.0004873531169931463,0.0004402806991785438
0.00043236548277641746,0.0003956589128487822
0.00039447502235657854,0.0003613791693366326
0.0003673089065429573,0.00032896044667952
