train_losses,val_losses
0.029535316839605034,0.03689158597174115
0.0011742035709655157,0.0007198897616466788
0.0006334150085430662,0.0005391589429481259
0.0005015853514769608,0.0004235626174483367
0.00041474838360582765,0.00037482121090437774
0.0003610306279239428,0.0003293528420561078
0.00032482190344683984,0.0002969210473858937
0.00029993431782838765,0.00029105996036875797
0.00028059655530310264,0.00026914766239367736
0.00026644866372492335,0.0002796843020825696
