train_losses,val_losses
0.0631213367315572,0.06724144968093375
0.006552911712053772,0.0012952121587197322
0.0010616235536202068,0.0009151589090944149
0.0008405469675690206,0.00074916132648003
0.0007316698243997417,0.0006685320771548498
0.0006565444292462332,0.0005879996536052416
0.0005947210533660224,0.0006172322904155687
0.0005443946365926366,0.0005093668431176527
0.0004995653437794837,0.000490653252341763
0.0004605417451360346,0.00041822675001037
