train_losses,val_losses
0.05929654125014807,0.13012957899307107
0.001610412088739153,0.0009678374075808978
0.000841381203988396,0.0007424178805989821
0.0006540231422529347,0.0005968125784586071
0.0005420025387903616,0.0005051983526645374
0.00046916629952757817,0.0004536891603572362
0.00041781063840975585,0.00040183718596788925
0.00038037018619423065,0.0003760281664339811
0.00035165960520060045,0.00033520158167467753
0.000329460322801046,0.00032993522703287016
