train_losses,val_losses
0.06333455284329126,0.28953128273304
0.0014658723711908066,0.0011834703089973204
0.0008225090087573872,0.000662373763005617
0.0006055984938684437,0.0005427444185188952
0.00048092165500221055,0.0004966183582856987
0.0003986658212964444,0.00038004281057625247
0.0003337687353647186,0.00031451761451537267
0.00028687447973416684,0.0002617356088775479
0.0002467091408990267,0.00024066187355951732
0.00021541248942499552,0.0002271263525212831
