train_losses,val_losses
0.03030039449962155,0.03860063409299108
0.001042082755523421,0.00067143043758658
0.0005541911842612121,0.00045319235191075595
0.0004059778934533439,0.00035384206195330055
0.00032208534048818816,0.0003038370119781099
0.00027392174350889903,0.0002774477272712059
0.00024301055158507942,0.0002293135174155249
0.00022224407643024396,0.00024555304183752495
0.00020624997761367188,0.0002093551843564176
0.00019401728417040232,0.00020540259871449666
