train_losses,val_losses
0.09482695299553331,0.2227828885377564
0.0020603272230142414,0.0012714020271117304
0.0011566343295373923,0.0009974935491046935
0.0009324284445500755,0.0008310244306995263
0.0007869628763043793,0.0007337850998573589
0.0006917523745229677,0.0006564985238410257
0.0006154590581262394,0.0006007865176894556
0.000549783776354162,0.0005426005735442752
0.0004909283905756905,0.0004669494470553864
0.00043522513542864103,0.0004077574928943886
