train_losses,val_losses
0.025237442292115882,0.021207400710182265
0.0015262058246074957,0.0010044182247766003
0.0008088980450681447,0.0006399872573481844
0.0006755797856449135,0.0006317335980129429
0.0005988614602717462,0.0006271646831577527
0.0005569289176875828,0.0005735739387873764
0.0005327282127693252,0.0005065580671882344
0.0005141172943761375,0.0004982110012682824
0.0004981080700355051,0.0004800069390044882
0.0004856821677309199,0.0004528221773191035
