train_losses,val_losses
0.05947725578093916,0.11544178456230746
0.001500070365973247,0.0035343905898561874
0.0007453352336267777,0.000768945462226544
0.0005642502046857592,0.0007494346052291697
0.00045784965620111317,0.0004055527389230456
0.0003924974506755583,0.0004648388595324733
0.00034555889125076827,0.0003193821174909193
0.0003124975125256297,0.00032061577940733
0.00028771878132513297,0.0002952091969271912
0.0002683821268578668,0.00026755512528401336
