train_losses,val_losses
15162183850.508596,0.16320461272902903
0.1645631279387931,0.16559385347379563
0.16472033223723234,0.16409434761016278
0.16469818570945188,0.1633158858885268
0.16472148878723825,0.16335207698616064
0.16473292455639113,0.1642889823991708
0.16471030031732156,0.1690674755606515
0.16419903960837823,0.16442068350294037
0.16421466242188826,0.16332098542452664
0.1642020071204413,0.16406844101793427
