train_losses,val_losses
0.05720520742263873,0.054243695688457244
0.002829913144661968,0.0010030464710325377
0.0008431576902218856,0.0006676724414172916
0.0006562344813200673,0.000672961317204148
0.0005567677930208883,0.0005185485679662443
0.0004919234557064532,0.00047856179185941513
0.00044135068747383775,0.00040615929045793403
0.00040035265654233133,0.00041594639588404234
0.0003701966505682464,0.00036180037763611575
0.00034812789421943466,0.0003253690321501169
