train_losses,val_losses
0.027241356930406635,0.04901899276192962
0.0010400736062824553,0.0006339576079555097
0.0005241162211169403,0.0005989504211138961
0.00038670333373228455,0.0003649293060570278
0.00031862406775998875,0.00030606630536692925
0.00027724448389390824,0.00025870247483182314
0.00024944642124162715,0.0002332655183327539
0.0002290675006580617,0.0002292825930021178
0.0002139980443183079,0.0002689624409797843
0.00020160743769182893,0.0002042025358342671
