train_losses,val_losses
0.06646333195303579,0.15287422528338857
0.008479738826599083,0.0015570100935783674
0.0012246088064471155,0.0009732924890059205
0.0009631888381596982,0.0008734490972917015
0.0008423547993316649,0.0008317050370132881
0.0007609797419578081,0.000689454842749928
0.0006995749865021309,0.0007542096481232048
0.0006499700913628433,0.0006275015805707114
0.0006102741551129806,0.0006259359902548473
0.0005769677239732339,0.0005446188743115369
