train_losses,val_losses
0.06453614522097946,0.05768995532610525
0.004258468204451979,0.0013793447415928395
0.0011065776476332212,0.0013691898497236847
0.0008994644873370386,0.0007827784426668877
0.0007814520282150516,0.0007652540060566121
0.0007207482057436226,0.0008037348661020965
0.0006842834265443027,0.0008196722976960905
0.0006585881272729762,0.0007308826744324815
0.0006404868788467954,0.0006861685086157854
0.0006220262371270521,0.0008191861124762813
