train_losses,val_losses
0.04607382979058627,0.16848054814900684
0.0013158035243540076,0.0008916806576408828
0.0006937373632897463,0.0005331530802320286
0.0004895708166762499,0.0005262673385959696
0.0003734746996319538,0.00033029403161533363
0.0003056696586409258,0.00028836673975405166
0.000263775968045874,0.00025899339977636973
0.00023303306838183722,0.00021631605454493826
0.00021152338112364997,0.000202172215415884
0.00019626770910737828,0.00019503775862250657
