train_losses,val_losses
0.031225330416476037,0.068464924909082
0.0010499886093324,0.0006557212102738133
0.0005553623406702735,0.00046320855936379357
0.0004122333230928082,0.000357995311868851
0.00033092824310939646,0.00029204713479857105
0.00027536375681910607,0.0002573093760615454
0.00024089509534190264,0.00025165067742059837
0.00021805150328902567,0.0002067244919199442
0.0002019868594823558,0.0002140796154163368
0.00018931368242330938,0.00018463445107941406
