train_losses,val_losses
0.11941418609772551,0.21115393775055208
0.003400156210513983,0.0020611654694405305
0.00147903822809694,0.0014333596983391523
0.001248413774286078,0.0013117560860139868
0.0010970427086455761,0.0010070093711263062
0.0009731993615027018,0.0009428207527464593
0.0008861392599493681,0.0008726488679706354
0.0008234648876220156,0.0007950301745174318
0.0007737603394241086,0.0007542024208274838
0.0007316109258295776,0.0007124332406667498
