train_losses,val_losses
0.03185821982638538,0.047254218780755995
0.0011126931196493387,0.000730899847063236
0.000556188347440242,0.0004649671953526558
0.0003988721019850927,0.00034579170855367555
0.0003160206630795583,0.00026799148857744876
0.00026703760995499035,0.00026925296140421415
0.00023467012090727803,0.00025548177863581804
0.00021384985954807053,0.0002032836002749391
0.00019772785602477233,0.00019073845172452275
0.0001861254367974543,0.0001980462559114676
