train_losses,val_losses
0.031018645894927904,0.05266529690891504
0.0011119517061437363,0.0007592062966055237
0.0006114101494001516,0.0005456812107539735
0.0004729154550342646,0.0003990998701640638
0.00037633132887243117,0.00034823738771496576
0.00031274617763675636,0.00028951631497003836
0.00027286174922872306,0.0002570481767213205
0.000245242036636133,0.00022508698150026612
0.0002263711402088811,0.0002382566051558824
0.00021136759181317758,0.00020935184231368477
