train_losses,val_losses
0.05402341420026331,0.13522341627491974
0.0014502834183474803,0.0010200149803337682
0.0008051442880526269,0.0007227725730981878
0.0005759264312598688,0.000529111769849084
0.000456277599354503,0.00042646996016217515
0.00037477218121910466,0.000346125121976672
0.0003148414230118714,0.0003216696011017601
0.00027401801968876164,0.000269727082564299
0.0002461452959311896,0.00024498730105688835
0.00022601652311088875,0.00022278384305669604
