train_losses,val_losses
0.1920784901484495,0.2411988354108153
0.017128102029854972,0.0024915041614509055
0.0021569110013298066,0.0019666866180938596
0.0018483399842635592,0.0017781888657270764
0.001693608327885443,0.0016458371447793192
0.0015904900734668625,0.0016093015948484312
0.0015122502701680161,0.0015645855482130295
0.001448271562774981,0.001407773011736344
0.0013947110614700839,0.0014439421351816878
0.0013472457486731375,0.0013874492495200813
