train_losses,val_losses
0.031838439660763995,0.07483997283579552
0.0010601339058359674,0.0006755748200015727
0.0005582429810064511,0.0004613652115022463
0.00041338473042427075,0.0003467673625259213
0.0003344008974100816,0.0002936100243554338
0.0002868061915181617,0.0002726970083808411
0.0002553090615731953,0.00023971415582711003
0.00023400333630660845,0.00023394004467277926
0.0002182574427100834,0.000231571294225111
0.00020594759635082397,0.00021229143424642238
