train_losses,val_losses
0.06720831926521205,0.16550188340972274
0.0046553974531810816,0.0011503495247892426
0.0009857239427124578,0.0008273004984844069
0.000758119939964071,0.0007564720500735355
0.0006174578527212876,0.0005599628643000765
0.0005044472179737925,0.00043438208191616106
0.0004270334564986551,0.0003993422746332056
0.00037344952342132563,0.00036702859559589523
0.00033351621561605703,0.0004115324081096302
0.00030568145477027903,0.00028395243166676675
