train_losses,val_losses
0.09705470044602577,0.2770416490656913
0.0019750196005867042,0.0013300192473451344
0.0011903005991752483,0.0011340247638382277
0.0010393391351256557,0.0009545855776156073
0.0008885925495024673,0.0008107817151504321
0.0007666821373821378,0.0007238507044510747
0.0006994780422887498,0.000671716058494866
0.0006445974919616136,0.0006411397902538708
0.0005952901475383179,0.0005763701798709613
0.0005504094107213486,0.0005363176810446567
