train_losses,val_losses
0.0680957238583589,0.1365090779323758
0.006985702894697912,0.0014467541243541762
0.0010736473642702273,0.0008991786241429931
0.000826082909602819,0.0008310445122685746
0.0007019684960429745,0.0006459936809742489
0.0006071523377981224,0.0005794932391568569
0.0005265265351413328,0.0004777813905628994
0.0004568021306618307,0.0004336766473528499
0.00040224784799788296,0.00041360882488832745
0.00036152074954744147,0.0003947901964649824
