train_losses,val_losses
0.019861582772773608,0.026161131030185285
0.0010453008611906473,0.0007071113322151702
0.0006226240508565003,0.0005323191715718566
0.0004862359353597842,0.0004350555294936131
0.0004017564151910374,0.00035549759783424644
0.0003518599318583303,0.0003312772243642453
0.00031743374262110355,0.0003274857956143755
0.00029345554770957965,0.0002648971486967951
0.00027516172598532075,0.00027176327419794533
0.00026035239374192095,0.00027053351115866026
