train_losses,val_losses
0.08907162661901548,0.053453071587777
0.026547590699743433,0.01422769315189839
0.011904018563348108,0.010499357856263318
0.009766003022184621,0.009277370474415318
0.008907014273131017,0.008661524529137363
0.008486173908971283,0.008385080327354466
0.008234914650125746,0.008173667041380723
0.008066769945971703,0.00803999515039513
0.007936676773863727,0.007879710881983788
0.007832121611285029,0.007794213060899083
