train_losses,val_losses
0.06341025509712299,0.060981679257407946
0.004835090130404299,0.0020208828403809644
0.0009568341567852983,0.0008830843000688867
0.0007968142636972666,0.0007482226689197334
0.0007122522926040529,0.0006636805927063614
0.000652163093208954,0.0006522683551054951
0.000615186778136511,0.0008150224564114738
0.0005827093484843943,0.0005503520418626395
0.0005518018660317524,0.0005023795565124394
0.0005315660002089824,0.0005533911307059295
