train_losses,val_losses
0.050632334652266894,0.17084910991740895
0.001389202822534312,0.0010422854144753288
0.0007586115422239223,0.0006081805895770294
0.0005460078707013828,0.00046502219183852173
0.0004272690085920513,0.0003811003011412828
0.0003480273640630521,0.00032026024576407803
0.0002953057730576669,0.00026647341164825263
0.00025745658766882434,0.00023527410832619217
0.0002322873676928763,0.0002326410929956487
0.00021286079262376815,0.00022053746730657086
