train_losses,val_losses
0.07262219052668978,0.07412097033437559
0.0040520696746952495,0.0015559423075932983
0.0017443297715514813,0.0015482341268940757
0.00152035007014483,0.0016591385582701895
0.0014191470415833385,0.0020037337601942944
0.0013467175896357314,0.0012112015972525157
0.0013619389749276376,0.001126083865544642
0.0012078378305151495,0.001094722880830656
0.001164495713585704,0.0009715968529314466
0.0011351629277133613,0.0010932674097594772
