train_losses,val_losses
0.02466915166799262,0.010056632278548451
0.0010337929838064913,0.000711191745390293
0.0006300234590680706,0.0006222337877982566
0.000520201175146147,0.0004947569745981082
0.00046228505180534365,0.00047964725237679506
0.00042196804735695077,0.0004218566577136006
0.0003934124670252536,0.00037281923720478547
0.0003732725073667736,0.00035142733760082763
0.00035742193967365607,0.00036467852753760757
0.0003449643370893122,0.00033176129784197545
