train_losses,val_losses
0.046559762225636514,0.10503764569625258
0.0012512177694714046,0.0008092669342816226
0.000661547112539447,0.0005588446939263667
0.00048503739942262655,0.00042488994307101165
0.0003787622444112458,0.0003346042998030498
0.00031159611228280483,0.000331143247818145
0.00026522808717996214,0.00028202146997125964
0.00023321913366615264,0.000297735411073445
0.00021008497691580032,0.00021904634504768184
0.0001943835789800346,0.00019680192113453814
