train_losses,val_losses
0.05197486718748281,0.1264456667230574
0.0013491272020789982,0.0009264040779778974
0.0007142145706329198,0.0005782218965040135
0.0005166405167746909,0.00042112532492691106
0.000400358940450821,0.00035189655126187163
0.00033408000867172046,0.0003121642863195613
0.00029045851948122567,0.00028000256309760577
0.0002593171493486262,0.0002572314915538482
0.0002366518810535517,0.00023235088767716
0.00021836060121744062,0.00022214432309023975
