train_losses,val_losses
0.059934098240619835,0.0810519843609086
0.0033004704759102632,0.00143027488159218
0.0009445366034383094,0.0007788856877849752
0.0006854687115108478,0.0005998460892471412
0.0005378939050835216,0.0006206970412020795
0.0004575525330950283,0.0004472427745527555
0.0004119902963539452,0.0003855129771822927
0.00038005765616228596,0.00040175216978922674
0.0003569734879490882,0.00033976659669456065
0.00033920956039508465,0.00044392296565399424
