train_losses,val_losses
0.16659614165365663,0.16321901089797994
0.16377597210959285,0.163583909042392
0.16377211285808144,0.1635197011051737
0.1637731625375445,0.16332611406306563
0.16377825304077115,0.16330905838986542
0.1637849915254401,0.163476202433384
0.16379127035717997,0.16362363026785215
0.1636811068262846,0.1640063526340954
0.1636861130074473,0.16328229495828703
0.1636915395381529,0.16323594745236755
