train_losses,val_losses
0.1285916874034164,0.18458945634582977
0.0072316920621267435,0.0022480432715959262
0.0019432650952883406,0.0017622990443001995
0.0016722361527122971,0.0016852734327391424
0.0015154701436209401,0.0014427718703697923
0.0013910583125502339,0.0013390743566168708
0.0012766642450521744,0.0012093863881157288
0.0011628412536092393,0.0011165121730579643
0.0010614143773763803,0.0010701555449734352
0.0009818381804076784,0.0009336466100084949
