train_losses,val_losses
0.06706378138473723,0.10502168779060245
0.0014889744511903701,0.0010728187130889272
0.0009231353042273622,0.0008068742391948763
0.0007269413271598933,0.0006814464553136349
0.0006230209271093736,0.0005872455495406757
0.0005367609534447728,0.0005279542542718991
0.0004714668030811026,0.00046438448840966886
0.0004262522969566498,0.0004281849996795063
0.00039177379683861093,0.00039303676014085796
0.00036317406320716147,0.000398070583916342
