train_losses,val_losses
0.09950160076301831,0.25132518889352434
0.0028296996225677115,0.0014567813372209544
0.0013195114003192422,0.0013033532989525204
0.0011196332485631237,0.0010613242675706859
0.0009826369312333145,0.0009767965738261336
0.0008795589065977472,0.0008266608475384995
0.0008031209115818205,0.0007870807857614291
0.0007385575189893322,0.0007168987731283507
0.0006817417598649273,0.0006625436564705604
0.0006323400304872768,0.0006169022789858226
