train_losses,val_losses
0.27038785202097015,0.16328122237814763
0.1640687951655619,0.16326601268631288
0.16407010752252613,0.1632364148512536
0.16409644815936886,0.1652344344943201
0.16409288576624056,0.164158131333936
0.16407272492608352,0.1632461329273098
0.1640894083989887,0.1634618156698266
0.16408688316054054,0.16398850392516784
0.16409251877892514,0.163407309797949
0.16385555746795719,0.16322292957251955
