train_losses,val_losses
0.06710065727196217,0.24859035461071743
0.0014669531373334654,0.0010560382038070624
0.0008906879727712464,0.0007957002399133124
0.0006727881428306888,0.0006645834529816546
0.0005356429146267353,0.0004830176172571308
0.00044689430432485463,0.0004340336966909742
0.00037674298918089963,0.00033616561629461677
0.0003263723247277311,0.0003158353187057723
0.000284771735625877,0.0002701687181712577
0.0002494791560448568,0.0002789829459339343
