train_losses,val_losses
0.05174769097438548,0.12417746502561494
0.00132127119792508,0.000856455244774952
0.0007142827368005782,0.0006275841805578238
0.0005222130516526022,0.00046507042449684375
0.0004130761280871752,0.000375073044067085
0.0003453245915380421,0.0003286773110392915
0.0002984262070691102,0.00028270901785590465
0.0002639320202642807,0.0002675722887744087
0.00023800875440740016,0.00024847515174897125
0.00021737040991068852,0.0002209437430080925
