train_losses,val_losses
0.19934709759355204,0.1632185507781474
0.16375172486578868,0.16345919391613434
0.16374925629826534,0.1632295783305081
0.16374696999392482,0.16337295047636452
0.16374803106464034,0.1632357964957217
0.16374534705498353,0.16330181889157833
0.16374299381772542,0.16326456732378666
0.16367133446649307,0.16347629749511292
0.16366639552868112,0.16323372057642885
0.16366671672242925,0.1632560289414354
