train_losses,val_losses
0.038278680612695785,0.0694562544362969
0.0011364106618819826,0.000669844487604648
0.0006124811427316355,0.0006020670090064851
0.00045774628510848015,0.00040278822967995085
0.0003643989429894245,0.00031612906224612677
0.00030424558067438013,0.0002806540987651658
0.00026416103381688696,0.00036126021343074326
0.0002386468063074288,0.00023264575020450723
0.00022120174965782505,0.0002237801879345995
0.0002075096525294643,0.00020408177742350423
