train_losses,val_losses
258665.69877641764,0.1632465585894343
0.16440214889136676,0.16325057689303016
0.16456026553948738,0.16331479654454406
0.16452734992212634,0.16509138158442854
0.16451638621120165,0.16322577170825459
0.16451381035086485,0.16500014004118463
0.1645179574734552,0.163240433113982
0.16453799397171345,0.16424684034080286
0.16453385124606792,0.16739404612652978
0.16450408219087123,0.16408986164970668
