train_losses,val_losses
0.02923100685887084,0.05289921499288877
0.0010769747901145628,0.000664594650203392
0.0006165473718028105,0.0005487882029280008
0.0005074563856420687,0.00045121193009780376
0.000430056285597554,0.0003797948576128956
0.0003720804984517959,0.0003729641670925157
0.0003307308031751692,0.0003263158765911952
0.00029470240511389586,0.00028888943447450126
0.00026795597360817456,0.00028202148982560995
0.00024802874655071726,0.00025860722419165114
