train_losses,val_losses
0.02651817561879692,0.0516153607135162
0.0009945032768857217,0.0006996211615982208
0.000554253579846337,0.0004652738433108458
0.00041372989774991157,0.000437608681269549
0.0003354951306739702,0.00029656342568476404
0.00028690647438200055,0.00032869677385280986
0.00025616669477629075,0.00025178318355761805
0.00023461686822295777,0.00022306318195870894
0.00021944443967876815,0.00021878018004081455
0.00020637726177420503,0.00021263991708377284
