train_losses,val_losses
0.01705640944163131,0.0033823528746054882
0.001316756889172589,0.0010568753021731401
0.0009709510653205738,0.0008708618132159186
0.0008384252285143464,0.00076019773947815
0.0007623586145479296,0.0007687765494596512
0.0007063073913246441,0.0006715879463164962
0.0006630245224939373,0.0006473382695579095
0.0006364148945287371,0.0006413761278116413
0.000613020325863795,0.0006251611603256969
0.0005905676074582524,0.0005905161573456324
