train_losses,val_losses
0.07138556313904677,0.28968979211060336
0.0015673897918640075,0.001145201411933315
0.0009511667427289514,0.0008092444942332329
0.0007186082768772183,0.0006682484515210557
0.0005785048988503119,0.0005434464417606503
0.00048400632714855476,0.00043620570978266347
0.00041703883872383756,0.0003844223572045698
0.0003606722256620479,0.00036989634394872013
0.0003198961034003851,0.0003114794411678129
0.00028687646817510603,0.00028738333751007576
