train_losses,val_losses
0.055741843071696315,0.030958704596165315
0.0014288645384464048,0.0008892999030407534
0.0007616364178276685,0.0006778394008703168
0.0006305792380297304,0.0005836104142621292
0.0005501124148296146,0.0005318922026533668
0.000499330886616736,0.0004865310006327654
0.00046292671340182796,0.00044202041029948514
0.0004367336653039175,0.00045732863756299975
0.0004155933502174631,0.00041378265427776203
0.00039827565280561264,0.00039675724598152093
