train_losses,val_losses
0.057249297973119354,0.12123614603421407
0.0013976479559860264,0.0008657920589173008
0.0007776877892417127,0.0006703971557836302
0.0005948959453947132,0.0005382623266864285
0.0004783226990276913,0.0004437101494643397
0.00039686738994710663,0.0003786496080784932
0.0003400434546827425,0.0003163253830748064
0.0003009767644561155,0.00028175717961509
0.00027246416151849,0.00026561355830401515
0.00025090150896812805,0.0002458127863532947
