train_losses,val_losses
0.06483886854554767,0.10618094194440038
0.0077970761211204965,0.0013415731056534278
0.0010673927305722506,0.0009214327316942543
0.000824083346507712,0.0007047822691466215
0.0006863397915733048,0.0006375706500079057
0.0005777078796006947,0.000539149686255042
0.0004960034106522808,0.0004550079262894494
0.0004343140881709904,0.0004160941179408988
0.00039118653214926185,0.0003633586590180186
0.00035808418277053227,0.00034167510747984647
