train_losses,val_losses
0.05805254438244405,0.114513584595266
0.0014486268968048376,0.0008741684524748193
0.0007738576225704264,0.0006605167395234114
0.0005862353378687218,0.0005038361641587872
0.0004768781510034194,0.00043914141777959926
0.00039662594299300617,0.000373331094206627
0.00033687476288002784,0.00030571465946260703
0.0002919797904016537,0.00027582759225799257
0.00026035829506958067,0.00026712025775308063
0.00023777679196811428,0.00023193602069286262
