train_losses,val_losses
0.8205973552888777,0.16323023853657423
0.1636922544011232,0.16333154884371906
0.16369136965609574,0.16323313614494828
0.16369146929849526,0.16347126487396899
0.16369171388827283,0.16325770082304025
0.1636916414753136,0.16332020096658917
0.16369222501976644,0.16325312367667544
0.16364117005616297,0.16330672585850847
0.16363943927597763,0.16323329770353287
0.1636414024591574,0.16322078765685358
