train_losses,val_losses
0.02592581496558874,0.027492550118426693
0.0010789780161458214,0.0008314438779189039
0.00061361632720874,0.0005323614355487684
0.00048375526152279197,0.0004178023690380099
0.00039805048233924233,0.0003618848948507202
0.00034665980883704197,0.00032706798869963085
0.00031417012528252736,0.00030303061417213164
0.00029284145703598275,0.0002915134482746177
0.0002772460264982884,0.00026668263897013756
0.0002651895694004168,0.00027339177386505705
