train_losses,val_losses
0.03756316059728587,0.09160224402067857
0.001364280152924102,0.000918843592029689
0.0007791699562999501,0.0006925736120585585
0.00064213013561741,0.0007553054167628326
0.0005622833609690188,0.0005220717603953928
0.0005119732595830365,0.0007488588386336138
0.0004760884310951223,0.00048122386745089825
0.00044835831379584434,0.00045042469347787955
0.00042581285531215386,0.00047562942686669996
0.00040750725285958184,0.0003905183384232667
