train_losses,val_losses
0.06849136157081147,0.29277521329201417
0.0015145568707941506,0.0010978773066283194
0.0008808745409872592,0.000761602437661118
0.0006673322011050317,0.0005985062568825306
0.0005342233563800241,0.0005162859672748023
0.0004427372114753629,0.00041748019838421056
0.0003696649267818165,0.0003439747872602958
0.00032006964790455713,0.000342672945261624
0.00027881512113925116,0.00025519499228086645
0.00024534602472103746,0.00023549912399688084
