train_losses,val_losses
0.02382215893420049,0.01546992498014719
0.0009838891728557988,0.0005881407998205802
0.0005225333860121025,0.0005260207107582476
0.00041987105953096956,0.00038791503486656343
0.00036400364031470117,0.0003632244749810116
0.00032775649784366274,0.00031070741201190817
0.00030213577736131197,0.00028622785235313014
0.00028318502837129526,0.0002934221646695695
0.0002684227796021431,0.00026652140774610736
0.0002564566098171247,0.00025892969321128766
