train_losses,val_losses
0.17662161182255467,0.16411667588698683
0.16442713235465195,0.1632267840795534
0.1644186777164875,0.16348461971534847
0.16442077070006034,0.1633848574295977
0.16440845764033266,0.16342708892831942
0.16440420258963687,0.16465266445812318
0.164387051051756,0.16677017499796287
0.16442535579462988,0.16336465153871266
0.16402259891818868,0.16406632584075861
0.164028164580706,0.16371063732353633
