train_losses,val_losses
0.05879914430060095,0.2608107076158412
0.0014389451437106778,0.0010667425011635756
0.0008293543498302224,0.0007121335824476363
0.0006079710514471396,0.0005341878196653617
0.00048215617919645804,0.00046554529710950013
0.0003969764171191942,0.00038225250783408877
0.00033644699523817004,0.00034088828170284916
0.000294067665998195,0.0003851723299555543
0.0002622542140193476,0.0002570127584387613
0.00023540375936226482,0.0002363301394453565
