train_losses,val_losses
0.10529888395926154,0.06588026166403779
0.03254839751507403,0.023559702946860227
0.021504907186131992,0.020154096414691382
0.019396735681799865,0.019003465176059636
0.018759766571787115,0.01871784399742737
0.01847196386238965,0.018287699845014056
0.018266889375847885,0.018146583509332986
0.018110350857161985,0.018106157482781843
0.01798947326431561,0.017886290195153625
0.017899658389633394,0.017889544232826893
