train_losses,val_losses
0.088153805776224,0.13854758992284877
0.002240035937272773,0.0015058518535025964
0.001268098992157682,0.0011803376819907827
0.0009227885355236442,0.0008742793969141421
0.0007787888374315899,0.0007068459748740647
0.0006876428861879348,0.0006682060256644005
0.0006155862352006731,0.0005755819406527272
0.0005559944149057317,0.0005557750384987357
0.0005039138929044741,0.000483847458231686
0.00046020218543926637,0.0004631672391851325
