train_losses,val_losses
0.022765784800440305,0.040426029558219015
0.0009833165979440492,0.0006152297545029432
0.0005135712110757958,0.00045602755266038004
0.00039495838980944427,0.00038322861767665017
0.00033138911923036177,0.00030439339832188125
0.00029385674442934944,0.0002726737370939736
0.0002696048799934442,0.0003303290047675546
0.00025117088651053566,0.0002610930312817072
0.00023718356677518386,0.00022805844700411399
0.00022567461008516374,0.00023463518083734016
