train_losses,val_losses
0.04391527936789207,0.14961165738463403
0.0012443225236090803,0.0007806695220607798
0.0006465305548724064,0.000538663489864266
0.00046541834437575745,0.0003982494402573502
0.00035218322667093164,0.0003258619782328606
0.0002844477226078743,0.000247280347295964
0.00024562756778186666,0.00022347543317606324
0.00021955242251688105,0.00021407500792076462
0.00020119323063423508,0.00020368135495496973
0.00018755411142048616,0.00020972742768048192
