train_losses,val_losses
0.037763420991265964,0.09064842526084982
0.001153345867932097,0.0006695941275802349
0.0005892580126746888,0.000491033709721688
0.00043435390413939763,0.00038805093848453084
0.00034962688383108147,0.00035434316091892046
0.0002928105628105932,0.00029432227396382116
0.00025770827330106683,0.0002516096233058765
0.00023366671618488963,0.00023486205078691416
0.00021564574736753078,0.00021590921433530585
0.00020274287091545272,0.00020807961534141827
