train_losses,val_losses
0.03971245327737266,0.06878163494836227
0.0012148451360697971,0.0008700822619900977
0.0006568290647720245,0.0005959304071454244
0.0005290452759172423,0.0005012429942927598
0.00045532433892297276,0.00044144817344029874
0.00039064116724806485,0.00036428367760411975
0.0003372817322428284,0.0003398992694961438
0.00030025412688441434,0.00028174623938848
0.0002740723328713676,0.00026942286503297706
0.00025349739695683973,0.0002407816538046952
