train_losses,val_losses
0.026639211509158503,0.0027728743732628944
0.00017157894005485083,0.00014462850300335628
0.00014533023034867264,0.00014340278294782132
0.00014442519116105967,0.00014177397552259742
0.0001439627463890461,0.00014209800768092088
0.00014368568129887778,0.0001415478748658533
0.00014341671563943565,0.0001425545508545438
0.00014324465222923077,0.00014199679119690343
0.00014308981446909774,0.0001410337723945466
0.00014293379630877666,0.00014263941244061325
