train_losses,val_losses
0.020385092560639122,0.0047312028191949535
0.00016307849028657746,0.00014455436218125913
0.000146267125256549,0.00014329362442242586
0.00014507187763635842,0.0001462934825486199
0.00014442131406669888,0.0001418740620997954
0.00014404347763718398,0.00014432092703339707
0.00014376182389609415,0.00014704174158702027
0.00014354553889285902,0.00014277240827901056
0.00014332290708181546,0.00014610150379411424
0.00014315691555239794,0.0001417244612450382
