train_losses,val_losses
0.025401777513077137,0.004285537829478596
0.00016815020016474494,0.00014452491640112378
0.00014553453637716917,0.00014281593110964546
0.00014446642085387456,0.00014172653595941555
0.00014393498287281088,0.00014169499140197363
0.0001435745544153533,0.00014102991389016676
0.0001433781569016536,0.00014412451898433322
0.00014323468838835677,0.00014179179170706926
0.00014305095553320896,0.0001444488025203537
0.00014291227129791705,0.00014136997834226177
