train_losses,val_losses
0.14945172849457689,0.10692998911923877
0.1352651566318863,0.1450952803597328
0.14500745971280832,0.1448104330160434
0.14501307315344023,0.14491969015878073
0.1450076954730224,0.144888209352632
0.14501283653152383,0.14508088768962726
0.1450091884980561,0.14485075477290613
0.14494442907109953,0.14480155702525827
0.1449473533766504,0.1449957646176682
0.14494374245425268,0.14479723515737888
