train_losses,val_losses
0.018395333676534106,0.006542636037138956
0.00016376216043783448,0.00014794064062664672
0.0001467282106751197,0.00014340313421459672
0.00014537744417266043,0.00014366351186035899
0.00014465459210761245,0.00014506653566604655
0.00014418387679307574,0.00014284144345708358
0.0001437972041870353,0.00014640510777839412
0.0001435111580012712,0.00014064769812013246
0.00014329380761842652,0.00014145595253186392
0.00014307695575424597,0.00014018414389617775
