train_losses,val_losses
0.008576826361639082,0.00046772888505187206
0.00015187097639584045,0.000146905797593184
0.0001489854173600913,0.00014749884024763948
0.00014807875774600646,0.00014612751021999236
0.00014739488748966476,0.00014445073947572188
0.00014684509840747552,0.00014886175177574913
0.00014638821957024128,0.000145222938205662
0.00014604687528093084,0.0001464697823907513
0.00014568518194328878,0.0001443442893630862
0.00014537493393639784,0.00014304236101421764
