train_losses,val_losses
0.042751724980176854,0.03841115338939144
0.0006038073050088857,0.0002203689265045021
0.00021423471976760497,0.00017245999888891705
0.00020821349960468486,0.00016345064606314362
0.00020689048885185173,0.00021157858242129308
0.0002052550564248471,0.00020031468710939477
0.00020269875378877385,0.0002009396078128922
0.00019837993171104145,0.00016687623635503477
0.0001973751233271378,0.000182121706927253
0.00019744281315642293,0.00021100188452425673
