train_losses,val_losses
0.017093513831721138,0.0022380592862823808
0.00016520488945010248,0.0001536271685060148
0.00015486599527322943,0.000152485730862756
0.00015288779215567462,0.0001509888849785363
0.00015180645150013203,0.00014803924206170974
0.00015090314417306436,0.00014553782975174973
0.00015022293858584252,0.00016822691606079265
0.00014963508673481715,0.00014468586867648212
0.00014909919021585438,0.00014902728124529778
0.00014864810595729343,0.00014917209152950117
