train_losses,val_losses
0.022272772569741535,0.00163871414519295
0.00016013982603259772,0.00014479883731516286
0.00014609290007598034,0.000143061164451504
0.00014547537383996633,0.00014264324754843994
0.00014505849978068883,0.00014488815335699594
0.0001447911600798316,0.0001456267410224698
0.00014459077163207426,0.0001443316840509249
0.0001443930800073368,0.00014328663283380314
0.00014427704845666772,0.00014351329846992202
0.00014408502664523497,0.0001425579797552041
