train_losses,val_losses
0.014082291508659726,0.005143621086823484
0.0001579503905643793,0.00015716414289657711
0.00014821842575378196,0.00014495605880492733
0.0001469438671336484,0.00014575102543699112
0.00014619894524672993,0.00014474541480251373
0.00014569716874054386,0.00014384565883865066
0.00014528218545379492,0.0001437114543876024
0.00014493093785517377,0.00014591681876869597
0.00014462580882002195,0.00014192114944377375
0.00014432617661165942,0.0001438720992909266
