train_losses,val_losses
0.01988772356095634,0.008962234350183352
0.00016694341450011779,0.00014606406289733963
0.00014811691895692616,0.0001456987820303321
0.00014659537339842984,0.00014239010604582799
0.00014577547596033726,0.00014225091839590383
0.0001452280092369679,0.00014160611523160387
0.00014476300573955432,0.0001424447312884422
0.00014437963257436884,0.0001445863716044358
0.000144122127610211,0.00014173594618939345
0.00014386310885372588,0.00014196601370719
