train_losses,val_losses
0.00618665686302939,0.0004691570574593151
0.00016322525856031598,0.00015518130199381486
0.0001554876419131987,0.00014704864079641714
0.00015264052455834595,0.00014657158540769063
0.0001510539259974443,0.00014498765227336443
0.00015019207545863687,0.000154118530087843
0.00014956317334300506,0.0001453498276791967
0.00014904232148756395,0.000143699856675886
0.00014851774899447075,0.00014830664648172954
0.00014821878860528826,0.0001492101175218437
