train_losses,val_losses
0.024842251469153528,0.0007704015227181456
0.00016547596158529544,0.0001447226639852309
0.00014532539072756447,0.00014469559084356225
0.0001440826398679322,0.00014168283352014761
0.0001435460397953215,0.00014236226531089588
0.00014321040096737782,0.00014121177577971748
0.00014295681551841944,0.00014146012547561223
0.0001427643744340533,0.000140673610055139
0.00014261279526102326,0.00014073176726114468
0.0001424817774858894,0.000141408657193965
