train_losses,val_losses
0.028566468596475065,0.002956335376806757
0.0002143722105238989,0.00015064840982228947
0.00014806001399493392,0.00014427469630092152
0.00014537431952874158,0.00014332355924365662
0.00014426351769766045,0.0001434311374729467
0.00014363960474364441,0.00014188947778315456
0.00014324171908656677,0.00014171160823369584
0.00014292130474578764,0.0001417168688991686
0.00014267444049007087,0.00014124671807400904
0.00014247140534839024,0.0001411805329183023
