train_losses,val_losses
0.018872330790818004,0.0008863417482602277
0.00015366108850604568,0.00014306865917470922
0.0001451344588412212,0.0001426646559673827
0.000144600348251944,0.00014236478398618472
0.00014427145661178917,0.00014223199656849568
0.00014405548200797317,0.00014167081703827925
0.00014386107154383093,0.00014328992277493982
0.00014374290290321108,0.00014166551731395883
0.00014363022234060085,0.00014131327184882788
0.00014354701894265287,0.00014186244777411047
