train_losses,val_losses
0.016340897480744167,0.002609483866244855
0.00015592767777877092,0.00014310133392897133
0.00014617695418123988,0.0001444934147996102
0.000145286071982012,0.00014827370751204207
0.00014471313793043233,0.0001418926070855843
0.0001443373024472063,0.00014225700274715267
0.0001440597263603834,0.0001426429445700837
0.00014379980071437212,0.00014902242603855414
0.00014355598591880153,0.00014364166945583359
0.00014336977373189094,0.00014115935928673136
