train_losses,val_losses
0.036637211897255925,0.020208790038643752
0.0002952742737058457,0.00018492933273161452
0.00024400615688751617,0.00020379286418585173
0.00024112887986698812,0.0002210751598088967
0.00024062128018850114,0.00018983942044053338
0.00024024727179897722,0.00026712919306046677
0.0002403566406944378,0.0002641849573139176
0.00023989991682735404,0.00020895506939750742
0.0001900037771800282,0.00025156245541514466
0.00019028111465935443,0.00017934726316007712
