train_losses,val_losses
0.03272489875460768,0.027396143088460643
0.00031516971025934685,0.00015540497946242392
0.0001564987619214036,0.0001604936463007234
0.0001527237430159219,0.0001439836746304606
0.0001508585494646421,0.0001514010326684151
0.00014963251825583502,0.0001478111928407355
0.00014886916098530466,0.00014530707597978977
0.0001481621355048281,0.00014873692116287044
0.0001476743679139553,0.00014265601257129897
0.00014716408905104922,0.0001433157278445562
