train_losses,val_losses
0.012139040218019497,0.00046009422684342564
0.0001490000741090347,0.0001423004109749316
0.0001440765707391295,0.0001442934274079432
0.00014368716889142684,0.0001436373941512974
0.0001434611811051229,0.0001411545544925261
0.00014326582430091586,0.00014142726546760597
0.0001431208040949449,0.0001412359710443989
0.00014297010931305727,0.00014091243827306057
0.00014285171219759405,0.0001407845819665268
0.0001427626357816846,0.00014190082990445465
