train_losses,val_losses
0.015246971436450533,0.0006754206073500325
0.00015171011814524085,0.00014595267515291242
0.00014509324155907908,0.00014376977051819658
0.00014456279168493957,0.00014304958633309538
0.0001443033348226461,0.00014129281855101717
0.0001440783782165888,0.00014109030907932555
0.00014390676055095673,0.00014207069227851755
0.00014373434797703428,0.00014174067054636698
0.00014358159269392684,0.00014295667546083068
0.00014342439017566208,0.00014221811795060664
