train_losses,val_losses
0.027437298602846882,0.0038749706976321328
0.00017277011827636303,0.00014348693201894711
0.00014646146977231723,0.0001437636226704964
0.00014573136066347884,0.00014331813689714287
0.00014527940540241512,0.00014353920598683906
0.0001450034285067644,0.0001448349911007002
0.00014473498808038245,0.00014465697898358336
0.00014447074748375223,0.0001422532812933122
0.0001443341210267998,0.0001430196915781755
0.0001441574203878799,0.00014163454060809957
