train_losses,val_losses
0.02712456981350392,0.008564784777022452
0.00027211442069712346,0.0001707900978058233
0.0001629805468211212,0.00015664794899032254
0.00015515250619099768,0.0001511281873344307
0.00015169701349117498,0.0001486931690015775
0.00014963260454305385,0.00014683494005741932
0.00014824301288184777,0.0001472106042254507
0.0001472094197393054,0.00014587488610116954
0.0001464504929745505,0.0001449837832888774
0.00014581579552374005,0.00014562319653555478
