train_losses,val_losses
0.01704144288785901,0.000982341045771853
0.00015805159723967786,0.00014524510315462653
0.0001447853102194793,0.00014225221804113454
0.00014388285648283852,0.00014251465946232332
0.0001434341817708111,0.0001428813929075185
0.00014312044768694397,0.00014294094479966348
0.00014291719437103484,0.0001412114804970474
0.00014272301975736562,0.00014279266474740397
0.0001425645520046233,0.00014171703300989405
0.00014241251258601678,0.00014093246055723658
