train_losses,val_losses
0.026703653014257017,0.011903196693783143
0.00020317812590746106,0.00014917197362338317
0.00014866094731666438,0.00015013709494838542
0.00014598938255232783,0.00015004313785964282
0.00014483196003173287,0.00014253759515633972
0.00014409002400707423,0.0001413856779910427
0.00014360898506463377,0.0001409615112163906
0.00014325392635332318,0.0001407627377608068
0.0001429616752109461,0.00014612233393657075
0.00014268523226866636,0.00014444387679130553
