train_losses,val_losses
0.033967376944850344,0.005523430253252656
0.00020154057299966174,0.00014410180673765888
0.00014822119478803022,0.00014500388843059352
0.00014731170529271725,0.00014668580875142593
0.00014673109405869444,0.00014567301811254955
0.00014641432680257828,0.00014462114645675032
0.00014608353703446665,0.00014713608642999198
0.00014586402574302297,0.00014340116380041643
0.00014560115170177948,0.000152057147290381
0.0001454449738150414,0.00016132737614242508
