train_losses,val_losses
0.009951218805575018,0.001475546087847381
0.00015368580764915603,0.00015053295135512062
0.00014946462339783298,0.00014722557039323028
0.0001484797576996631,0.0001492345283928719
0.00014765494295959972,0.0001439092935353409
0.00014696193318899657,0.00014625588540127986
0.00014645400428683084,0.00014421573272335158
0.00014599731014565626,0.00014320263543553935
0.00014571966740132685,0.000143125204331112
0.0001454184509639575,0.00014280081387985072
