train_losses,val_losses
0.027556083300585496,0.014154246816290256
0.000206692834266666,0.00015150990309035058
0.0001504561211308777,0.00014839123924984937
0.00014713377642396524,0.00014476311682810162
0.00014565824127314928,0.00014314862619727056
0.00014475510660039146,0.0001421389975288087
0.0001441918398663293,0.0001423077940243404
0.00014379552378036712,0.00014131197837216652
0.00014345820146778647,0.00014267077689793033
0.00014319581124423963,0.0001407574790652263
