train_losses,val_losses
0.007138362329548114,0.00048354206241722807
0.00015449626883475866,0.00014731011688537846
0.00015080206756098614,0.00014476544969850192
0.00014945716086925198,0.00014673976583089965
0.00014849638208522546,0.00014656651298784423
0.00014788154485315182,0.00014762651759174704
0.0001473036855684319,0.00014408402669747672
0.00014674232442899894,0.0001428342895751577
0.00014633031582026286,0.0001455043363666405
0.00014594273773327029,0.0001452434883457481
