train_losses,val_losses
0.02752640518023477,0.001155087119289635
0.00018810705757730376,0.0001487363604028106
0.00014759609905318796,0.00014464972170243355
0.00014526908586879418,0.00014255420376137255
0.00014423308686229227,0.00014258503785400677
0.00014367595343717674,0.00014153511949371373
0.00014331611249535995,0.00014159556914213186
0.00014306155611846366,0.00014121504704835578
0.0001428621234204118,0.00014416473730234357
0.00014269673571170747,0.00014131129433755336
