train_losses,val_losses
0.012573882252037021,0.00045418844141059
0.000151291539142265,0.00014357618237917298
0.0001451385402174169,0.00014181267748244184
0.0001444861254304998,0.00014215858040400505
0.00014403721393301019,0.0001426959563810477
0.00014372266398210353,0.00014202781550889213
0.0001434387500523962,0.0001423258641016401
0.00014326003629259044,0.00014140473590991976
0.00014304848942886148,0.00014036085443772486
0.00014284422442503245,0.00014206568508361197
