train_losses,val_losses
0.02374726306104044,0.00780545890457472
0.00017562441410023263,0.00014610792027881556
0.00014717292184985832,0.00014370029115805814
0.00014539044047060274,0.00014358937567911717
0.00014453471629299295,0.00014904761633213786
0.0001440539713184284,0.00014228398276653915
0.00014369028485612036,0.00014094765536395485
0.00014339303357814042,0.00014330182956745542
0.00014320100184376575,0.00014194965105801072
0.00014298637406535798,0.00014102459479266942
