train_losses,val_losses
0.0241697185231659,0.01138631323717145
0.00018356606933432037,0.0001476362329922685
0.00014837739703880032,0.0001436837040893124
0.00014605046504925377,0.00014425154682345812
0.00014499797097939778,0.00014223881377848575
0.00014432131960537433,0.0001428237116116708
0.00014390779876813023,0.00014241884598241504
0.0001435641487321698,0.00014302222382868923
0.00014327981304757554,0.00014608393005914876
0.0001430414898496079,0.00014081581189135268
