train_losses,val_losses
0.006457987653381297,0.0010161659643487292
0.00016921511718653425,0.00016017862034520906
0.00015880956605043327,0.00015435738503840216
0.0001556411309779454,0.0001489785811956952
0.0001537939860912769,0.00015473827858534966
0.00015256629502399395,0.00014572967845175234
0.00015171018267250518,0.0001497149244514639
0.0001509984381206199,0.00016002085043842249
0.00015041569229611403,0.00014350246245485763
0.00014992632808447448,0.00015264189607975873
