train_losses,val_losses
0.021545441216015024,0.001229257561286795
0.00016340844578535324,0.00014282586701233412
0.00014459388693335314,0.00014214271578962326
0.00014375607566537383,0.00014199327535684462
0.00014336300545465973,0.00014118433580929377
0.00014309105111324244,0.00014763390687080573
0.00014287775414928774,0.0001404509750966099
0.00014274853287446376,0.00014045202243441964
0.00014257270115512028,0.0001401489656208014
0.00014252130784121847,0.000140671385013502
