train_losses,val_losses
0.02612101228778816,0.0026140536038604164
0.0001704484447046126,0.00014597935618254195
0.000145509166749265,0.0001424654329836664
0.0001444804701067397,0.0001415238599328664
0.00014395296355956464,0.0001437237948457272
0.00014360036060501053,0.00014205781648189835
0.00014333293459281888,0.00014226134915667658
0.00014308359255684703,0.0001404128387792632
0.0001429408436776185,0.00014286159482132776
0.00014277005491621542,0.0001422380132240338
