train_losses,val_losses
0.005187644859745965,0.0005268981623963443
0.00017102611154204335,0.00016097511942329108
0.0001577229089562841,0.00016396550188528265
0.00015504246261473651,0.00015134763306081628
0.00015381511694044354,0.00015166604839038456
0.00015273939503155945,0.00015063847718265605
0.00015208902736622357,0.00015573162329240645
0.00015172066145403138,0.00017015951029339814
0.00015137509941580586,0.00014440089276368428
0.0001510796088047365,0.00014836958198268674
