train_losses,val_losses
0.026733396069392453,0.013849200204300608
0.0002737192461748823,0.00040901162954812764
0.00020428965858986734,0.00016976587829515047
0.00019901259831755534,0.0001764736711428644
0.00019685771382359874,0.0003937048738250049
0.0001970984067335609,0.000212848954107057
0.00019671096818928624,0.00017732765373303336
0.00019632573224066425,0.0002408111393974252
0.00019660062812678662,0.0003270881322335503
0.00017006027079908743,0.00016663587833438793
