train_losses,val_losses
0.007329945924026204,0.00041804099681119506
0.00015289218480890775,0.00014818002030803754
0.0001498212830221376,0.00014627869890076626
0.0001486543965412723,0.00015011589561154812
0.0001478377083770471,0.00014358057583911357
0.0001471363207883055,0.0001435357164680846
0.00014668888671821772,0.00014576810028222998
0.00014629412188993214,0.0001490505225860802
0.00014590170401532868,0.00014216286410257526
0.00014549355878318708,0.00014312030555447365
