train_losses,val_losses
0.011680634926730332,0.0005121510615154172
0.0001497069638866714,0.00014937017397961643
0.00014598646587854364,0.00014286631874120624
0.0001455277907725301,0.00014304039011841957
0.00014526678973479914,0.00014393181638744726
0.00014501764941443165,0.0001429092854628299
0.00014478759496206484,0.00014286546188532043
0.00014465277445459244,0.00014175636700711338
0.00014448502918610256,0.0001420304405223616
0.00014429105590929388,0.00014221341817088743
