train_losses,val_losses
0.015968556185645195,0.00224825427131441
0.00015528913447988534,0.00014853375114703887
0.00014616793276819908,0.00014245330678056307
0.00014534972162287243,0.00014429362083748175
0.00014487656127625762,0.00014597253676863333
0.00014441490280783507,0.00014196098206927034
0.00014416939448525548,0.0001449874984885892
0.0001439171458546974,0.00014240417965895644
0.00014366769666587548,0.00014074839991554214
0.00014348500386638196,0.00014353685008273694
