train_losses,val_losses
0.013320860951049587,0.0005356898595751513
0.00015065799504721764,0.00014367797043499716
0.00014476773288942012,0.00014435014184524723
0.00014416682493627978,0.00014154758585734075
0.0001438648707837282,0.00014283513208930085
0.00014366436825424752,0.00014118420221703737
0.00014344424541560638,0.00014290081789808287
0.0001432848296832146,0.00014187878300591755
0.00014313198269779752,0.00014061940216210391
0.0001429872357235159,0.00014368412118294924
