train_losses,val_losses
0.018425195153538205,0.005331120514916256
0.000161302900883194,0.00014495396854569793
0.00014638704351990393,0.00014234212435858354
0.00014525313805913162,0.00014146736539592634
0.00014464535592097555,0.00014275054872633908
0.00014423182862771813,0.00014132596461245806
0.00014388225812466706,0.00014179182867286988
0.000143644298469001,0.00014255946690097646
0.0001433898073341522,0.00014071942964919798
0.00014318405477101805,0.00014030082704583557
