train_losses,val_losses
0.003944372183385167,0.0014323583360698784
0.00018790329008688654,0.00016236558591084876
0.00016656341557124427,0.00018874747907489094
0.0001649221656413802,0.0001500786968023364
0.0001646541911163527,0.00038184005912833834
0.00016446091291922633,0.00019074764137937166
0.00016456421455386143,0.0001528781788659016
0.00016458635637135673,0.00016465883364801678
0.00016442283135847092,0.00018747225945763062
0.0001645043488704316,0.0001628091472495116
