train_losses,val_losses
0.0066450988712060685,0.0006318781853005187
0.00016120523797507865,0.00015703768995160077
0.00015440073607588748,0.0001493012111866531
0.00015197346548606039,0.00014969464729806624
0.00015046818960959857,0.00014845608394095357
0.00014951878746121647,0.0001475107335521647
0.00014880078130749544,0.00014477063759812256
0.00014823301758543802,0.00014737642887610036
0.0001477866306150414,0.00014401151329254891
0.00014737565017776896,0.00014816662766933478
