train_losses,val_losses
0.03243246758374566,0.0061726085684748805
0.00018681302840950877,0.00014545210747642673
0.00014636582729538308,0.00014511562358417103
0.00014481886113376486,0.0001443887720368317
0.00014412122302219033,0.0001424818133404093
0.0001436600162753998,0.00014422471103688828
0.00014333645758664483,0.00014084746610421898
0.00014311429088034744,0.00014204192582246565
0.0001429202989636316,0.00014171771348472207
0.00014279157537568183,0.00014146024257589418
