train_losses,val_losses
0.026258248844058064,0.005117687006399026
0.00017141274588746742,0.00014841060096943917
0.0001483878220432769,0.0001470182105580237
0.0001472437493660231,0.00014373217781936471
0.00014652535739921176,0.00014347303108415733
0.00014603541989534195,0.00014269281831301976
0.00014571951268011992,0.00014411806970716795
0.00014534867188246506,0.00014493327449454738
0.00014515218532877423,0.0001432206296344331
0.00014489563103824754,0.0001430354744856723
