train_losses,val_losses
0.014693936583137404,0.0006490058972261397
0.00015155528714244938,0.00014317024563202291
0.00014519761480662842,0.0001472833676678305
0.00014465609558961818,0.0001420903224988838
0.0001444044822578249,0.00014243806452227806
0.00014415285854105272,0.00014302109479476596
0.00014396352976657668,0.00014212700083801564
0.0001438066053929486,0.00014174419725091833
0.00014366874533932618,0.00014102892578575916
0.0001435436051389893,0.0001408057913287154
