train_losses,val_losses
0.03148587191724547,0.0014161038237939603
0.0002052074078010942,0.00015206062643490127
0.0001497079209074281,0.0001457359063604733
0.00014622289967575292,0.00014400137254934008
0.0001447526578060592,0.0001432145947232569
0.00014396048245795406,0.00014193891243153555
0.0001434705640902932,0.00014157683279514133
0.0001431372072959292,0.00014145276876506143
0.0001428925599507733,0.0001412482539857068
0.00014273423335966215,0.0001410282271517192
