train_losses,val_losses
0.003910228541912511,0.00053025512631783
0.0001810158079467458,0.0001542241807775489
0.00016399405307044747,0.00015788468165244142
0.0001595962404313988,0.0001707343018843468
0.00015752513472525606,0.00014676456208768027
0.0001572231778118164,0.0001527457796253397
0.00015712892971171512,0.00015386497459330713
0.00015711939499169603,0.00016811183207568578
0.00015699923904393081,0.0001493788213264322
0.00015693920069634258,0.0001509734645908923
