train_losses,val_losses
0.014901517894652926,0.0006582886358121873
0.00015142369312890966,0.00014239004581958188
0.00014520444646400272,0.00014331125730064918
0.00014466981662748527,0.00014333250929352538
0.00014433315657559983,0.00014273493793759182
0.00014407832536638513,0.00014284623696314097
0.00014388960056193028,0.0001408167683477682
0.00014372033711626845,0.00014125877249676782
0.00014356603279346337,0.00014108483254713633
0.00014339621507685217,0.00014088065709481437
