train_losses,val_losses
0.022815370255966576,0.01713363582660544
0.00018551460409881645,0.00015021358441731213
0.00014993764932674482,0.0001490746079596891
0.00014745295028817322,0.0001452211529568406
0.00014626101017474753,0.00014986201507676255
0.00014549282537547402,0.0001460759230248024
0.00014485891513625526,0.00014346906866646237
0.00014443578658582322,0.0001433912547035785
0.00014413102637757426,0.0001449453862418652
0.00014377091680110483,0.00014155474425770595
