train_losses,val_losses
0.020901965302871844,0.0006662144413953382
0.0001521121839325939,0.000143402342321682
0.00014399894456655122,0.00014237154527730906
0.0001434754300430884,0.00014144455381331653
0.000143213002427918,0.00014180249267693997
0.00014304281491378426,0.00014157832679790228
0.0001429293527617148,0.00014088682134431096
0.00014283260130421385,0.00014195912088088526
0.00014275252720649846,0.0001405468527570031
0.0001426886444410837,0.00014112314217686075
