train_losses,val_losses
0.015469680644353155,0.0029982703083728255
0.00015596619717578588,0.00014367028517546548
0.00014588827128159224,0.00014418635470686921
0.00014499436504010043,0.00014825543149841512
0.0001444914465129887,0.00014289720107419864
0.0001441223129462736,0.00014581068806091512
0.0001438061161590425,0.00014104048642829632
0.0001435074472236328,0.00014205302484436068
0.0001432912203919958,0.0001422934775648538
0.00014311015351859514,0.00014233467107094088
