train_losses,val_losses
0.011530886380579721,0.0004139533059429894
0.0001506312769181509,0.00014534904598414132
0.00014524244370696176,0.0001431663999659108
0.00014461443719998975,0.00014336933730519104
0.0001441729511855045,0.0001513591600229986
0.0001438438244305314,0.00014592429305320366
0.00014365218864488294,0.00014134386126028522
0.00014339947979683648,0.00014150877055785473
0.0001431659092052471,0.00014027158776567605
0.00014304139616717554,0.00014656756978118947
