train_losses,val_losses
0.03517517545955693,0.026892111300860548
0.00026482955697734766,0.00015977613897512943
0.0001569173916265608,0.00015151548408167206
0.0001510886407412427,0.00014747269476826478
0.00014842723544041192,0.0001447783064260658
0.0001469191753334535,0.00014432171529010654
0.0001459005066743172,0.00014473945128348756
0.00014518329537658737,0.0001431451718684638
0.00014463210647354602,0.00014214104273446414
0.0001442208825466578,0.0001422382002338541
