train_losses,val_losses
0.014706277571228596,0.0029478726825856467
0.0001599500633905737,0.00014948924037542263
0.0001504610282368207,0.0001582881134694353
0.00014905007627518893,0.00014522136576011294
0.00014813765744739135,0.00014786608440950187
0.00014741885430647543,0.00014539061555712257
0.00014688371769480365,0.00014494874029421327
0.00014651983826483118,0.00014674613181132223
0.00014610029043557373,0.00014502015397323593
0.00014576188618368785,0.00014738803368790493
