train_losses,val_losses
0.0066256767624133855,0.001050137302896236
0.00020220252918765514,0.00016135794231008824
0.000183588051850841,0.00019726972099303326
0.00018363309331864596,0.00017387723082495967
0.00018401047226730693,0.00016768232584367886
0.00018448665296281414,0.00018226705298014223
0.00018514948718895575,0.00018258057993691775
0.000185414257550485,0.00018169930283626427
0.00016442189454954096,0.00019638207494530695
0.0001642352803058109,0.00015675873795413764
