train_losses,val_losses
0.029417277414099434,0.0034648036897646116
0.00017583127504100824,0.00014974487546340231
0.00014641092937100247,0.00014595803943099334
0.00014554834287427358,0.00014406242335763647
0.00014503801621873155,0.0001435688567453291
0.00014474371216915825,0.00014222132049907646
0.00014445729342567697,0.0001438866816963085
0.00014427607367229598,0.00014292463041762395
0.00014404085202959942,0.00014359736584526473
0.00014391594688255977,0.00014174444144982636
