train_losses,val_losses
0.04233122360833602,0.008510885724744326
0.0002651722085330599,0.00014912087295188256
0.00014807590689420845,0.00014491066227800345
0.00014555740632114406,0.00014299968921596803
0.00014457528935674205,0.00014211401858063664
0.00014402213708156937,0.00014168535704127552
0.0001436740112893806,0.0001459924254783022
0.00014337570258792342,0.0001426307273953324
0.00014317412108210003,0.00014172896115108842
0.0001429914700691845,0.00014108776591566338
