train_losses,val_losses
0.06300104953871413,0.04177454985758623
0.0008721183686653001,0.0007253697425014047
0.0008576320899723375,0.0009754102771467114
0.0008685447783445653,0.004691429987878643
0.0008566928546381819,0.00043150268553050145
0.0008592925327921495,0.0008640989788292709
0.0008560573487304758,0.0007129647062479017
0.0008560195553448956,0.0008562178758426026
0.0008661689121702701,0.000658829697191246
0.0008664685926833919,0.0013305858378488515
