train_losses,val_losses
0.022269973681351755,0.0008729277357871545
0.00016382262984012964,0.00014500297535737777
0.0001449002481647128,0.00014196682767013928
0.00014377825806263198,0.00014144780052244293
0.0001432708376866207,0.00014170534403425104
0.0001429870983627565,0.00014108044278914408
0.0001427582113169897,0.00014109420847770317
0.0001426181778420818,0.00014149608830623373
0.00014249714470924014,0.00014145753091822922
0.00014239627328011881,0.0001408762221213614
