train_losses,val_losses
0.019257413383590653,0.0008730936424113828
0.00015701466446611562,0.0001430892232217732
0.00014459757523678434,0.0001420260766520208
0.00014381244794912817,0.0001413853546948062
0.00014339889310351019,0.00014406235016270558
0.0001431303099014208,0.00014111460477252914
0.0001429017117162843,0.00014194805751270166
0.00014274963019470595,0.00014097957319841645
0.0001426139692676972,0.00014167910337347224
0.0001424822237630755,0.00014077598457212375
