train_losses,val_losses
0.006892522627788786,0.000275199908712631
0.00015065875738533955,0.00014964036446865703
0.0001480946994493746,0.0001458703973703154
0.00014693886985848916,0.0001430246994519971
0.0001461486730664442,0.00014781295370469685
0.0001456260780020377,0.0001509766576327327
0.00014517343042248155,0.0001438029664225581
0.00014490616704008826,0.0001427020359471087
0.00014459436323504846,0.00014265100037065477
0.00014430882787655111,0.00014325377636695562
