train_losses,val_losses
0.022880054540093057,0.0007551700627467959
0.00015780512447378088,0.0001438499398144575
0.0001446720625996104,0.00014241599106792823
0.00014381474785555296,0.00014137364924418847
0.00014336456122657933,0.0001414913785970737
0.00014308201754020878,0.0001410810614400638
0.00014289060517194458,0.00014101710030694706
0.0001427191553648816,0.0001409443438127169
0.00014258806679128306,0.00014052189358136182
0.00014248167727085782,0.00014053227293090063
