train_losses,val_losses
0.019065384829875544,0.0036906561556629062
0.00016171686711144307,0.00014745793199131852
0.00014592487911945062,0.00014412793590721487
0.0001448420112298821,0.00014128348540609766
0.00014421935325617337,0.00014172152040022102
0.00014384813616458394,0.0001432387834029111
0.00014345626872327972,0.000141859914569689
0.0001432224569265348,0.00014533999189274117
0.0001430278671538873,0.00014096312651587842
0.00014281835667483776,0.00014553873903032835
