train_losses,val_losses
0.09399400615358573,0.1189814900350662
0.019108160543518035,0.011160375339782093
0.01139438697394359,0.009928650801269603
0.029861310973790786,0.039469239009629786
0.020222149813788875,0.011271904586320172
0.011529198773432172,0.011328570837919999
0.018506142360581162,0.03927647830960246
0.022445170916394776,0.011422736540436745
0.011700197000810235,0.011530998939942872
0.012639433383898885,0.013842991274577204
