train_losses,val_losses
0.022958071132874593,0.0009281745710563136
0.00016078098191151405,0.00014428104826034457
0.0001445702553960849,0.0001420225373060529
0.00014376297525353,0.00014150983964014143
0.0001433940437170578,0.00014174284177178196
0.00014317914837541496,0.00014124675223197648
0.00014299991229611579,0.00014116226793973313
0.00014286321815813852,0.0001408039858506905
0.00014277423356461936,0.00014105588906515392
0.00014266684506480812,0.00014137419945804287
