train_losses,val_losses
0.010658508344013355,0.000969408577345576
0.00016781660790086232,0.00015805806105344898
0.0001587107624901467,0.00016097228103225614
0.00015554306044635762,0.00015047510931669059
0.0001538127303203519,0.00015938492957027648
0.00015255784234256714,0.0001499043139665233
0.00015170099695521839,0.00014580122167317508
0.00015092754732572467,0.00014592520375759812
0.00015024050481641084,0.00015345606465865354
0.00014969164837490848,0.00014530025932715318
