train_losses,val_losses
0.018933846484587128,0.001036474629342054
0.00016167977632342958,0.00014392047897704094
0.00014491596907998552,0.00014333173046576628
0.00014389064569166483,0.00014062419303400312
0.0001434496390387145,0.00014285746230731407
0.00014314244583979403,0.0001409103359004002
0.00014294360721749848,0.00014083820483851836
0.00014275170652151126,0.0001409162341710221
0.00014258932317005974,0.0001417350339701948
0.0001424570548276114,0.00014056866796431216
