train_losses,val_losses
0.002495043182722769,0.00037918450867460414
0.00017158922477748055,0.00015399953515293988
0.00015827281231434366,0.00016664658262667892
0.00015587037059631845,0.0001484181969616889
0.00015422166093116742,0.0001454073549104607
0.00015316519606666705,0.00014538076209757848
0.0001526177062033845,0.00014881747979557595
0.00015191302452293194,0.0001467741283577574
0.00015104515298462965,0.00014835746282022908
0.00015098873935176193,0.00015027174505102052
