train_losses,val_losses
0.020056732894751784,0.00071983623492225
0.00015597267331133934,0.00014289738578130413
0.00014442553716621984,0.00014299603725363824
0.00014370159303841635,0.00014152546837574995
0.00014334507966361798,0.00014165189517627964
0.00014312729271827548,0.00014104576517519842
0.00014296741739830586,0.0001422155100786786
0.0001428413038653273,0.00014078156272315175
0.00014275431137040373,0.00014174149133387633
0.00014266221601222785,0.0001417022598782621
