train_losses,val_losses
0.02168188098452662,0.0007439582993470047
0.00015497766366739338,0.00014255852452394109
0.0001437564045030478,0.00014237719839098757
0.0001431994893997788,0.00014147891527344265
0.00014292022451828574,0.00014085782243865668
0.00014274471257907147,0.00014106308069369557
0.00014260328143603712,0.00014209761488398132
0.00014248948670022131,0.00014306247027749976
0.00014241971043755405,0.000140684225823425
0.00014234476529379687,0.0001406365317622788
