train_losses,val_losses
0.018459365734097195,0.000700389223816165
0.0001532946617485691,0.0001425507852754488
0.00014405885171490978,0.00014280069897001325
0.00014363188121909167,0.0001418178852029375
0.000143432106857461,0.00014154468805327284
0.00014330707435904346,0.00014175947629917665
0.00014319390352690565,0.00014180171466098623
0.00014313453513865293,0.00014207225255697978
0.0001430696754409912,0.0001413874776477842
0.0001430294123040008,0.00014099505917647328
