train_losses,val_losses
0.024917308281495704,0.001170320854298856
0.0001789032579361004,0.00014959493670852145
0.00014647158499995274,0.00014384138994644625
0.00014446008767752158,0.00014211776348133965
0.00014363214742903871,0.00014153420423981884
0.00014316163925721663,0.00014112152055176184
0.00014285391668778267,0.00014355671066064476
0.00014264402170600644,0.00014072267281965158
0.0001424759395579222,0.00014097269427641848
0.00014234859093007965,0.000141185024891319
