train_losses,val_losses
0.036063024243374,0.003998403244914907
0.0002736926315131226,0.00015281802018749785
0.000150470602448603,0.00014588870788424934
0.0001463797235318129,0.00014398498618564326
0.00014482594118004732,0.00014282147183995955
0.00014403361816711058,0.0001430902744264735
0.00014355544328588686,0.00014124666213204517
0.00014322719945316652,0.0001413098387851827
0.00014297902073033238,0.00014074882185303861
0.0001427808142564019,0.00014273642231540335
