train_losses,val_losses
0.03692649069794321,0.021803141160202877
0.00029488808634248794,0.00016415093040905048
0.00015793177972815492,0.00015165843036603682
0.0001511062561995199,0.00014674303518482442
0.000148165990674605,0.00014472803044892707
0.0001465348095415493,0.00014414108761359655
0.00014545506791161447,0.00014404214214742492
0.00014474207582832474,0.00014234773560078143
0.00014420239480216423,0.00014243240864003122
0.0001437773807855852,0.0001418998809866545
