train_losses,val_losses
0.006327453321263375,0.0008701572223225988
0.000175594085590264,0.0001543832306672336
0.00016035275963557772,0.00015133555721570863
0.00015657419572943581,0.00014841520567229855
0.00015467259291865302,0.00015254502411677878
0.00015351027218390225,0.00015228736068231095
0.0001527782092850705,0.00014938754954287126
0.00015197111296761455,0.00015192556151238929
0.0001513009842319959,0.000169490407801299
0.00015088711773346108,0.00015058222333700868
