train_losses,val_losses
0.016717341254230102,0.0008364147599251083
0.00015191020738810853,0.00014628254763388287
0.0001457111682584816,0.00014530020114748087
0.00014521053235406066,0.00014267148474673768
0.00014494221671223335,0.0001417266260471382
0.0001447682558631879,0.0001459405919902671
0.00014462329895043862,0.0001424460486755165
0.0001444887275504066,0.0001417138612825688
0.00014437383430273838,0.00014257081778338256
0.0001442702678121018,0.0001416661330033465
