train_losses,val_losses
0.02016756045307192,0.00676159751205748
0.00021019721444238637,0.00015701793925060298
0.00016866367454671812,0.00015737362271891152
0.00016429608937830215,0.00015638601859015492
0.00016140099210770962,0.00017295951688408424
0.00015968786991059375,0.00015529814961442374
0.0001582910246498605,0.00015631196471346278
0.00015718901423300214,0.00015127035139741454
0.00015623223039748735,0.00014971062747980537
0.00015552618312423584,0.00015966615918445477
