train_losses,val_losses
0.024924495832464654,0.013998381369231044
0.00019274534998051673,0.00015123788767161105
0.00014899356976309935,0.00014446823066081467
0.0001462717975892307,0.00014331487115349064
0.00014506518788087695,0.00014233159335847283
0.0001443668641112152,0.00014226037508878402
0.00014389762170265554,0.00014368383033975567
0.00014355927619071537,0.00014283304104394535
0.0001432890416128476,0.00014067106793756354
0.0001430665226737702,0.000141408416412758
