train_losses,val_losses
0.025474373036725086,0.0009764506727351824
0.00017092209640821035,0.00014560755089626745
0.00014603929601044623,0.00014388942967412968
0.0001444571601472432,0.00014231830621804883
0.00014371683424042536,0.00014215413613051468
0.00014329402090480702,0.00014247807948038096
0.00014300231195311317,0.00014089775691381235
0.00014279756345485489,0.0001409043957401858
0.00014263637049493288,0.00014080256668223582
0.00014250784454899882,0.0001406903720951954
