train_losses,val_losses
0.01825366800668932,0.0005335104089596618
0.00015288690819464186,0.00014252275927593858
0.0001440685022824691,0.00014239196968301795
0.00014354441809556862,0.00014242086754860317
0.00014327976471416125,0.0001413963089369522
0.0001431167460033596,0.00014174870395273
0.0001430065140649227,0.00014133113136945442
0.00014293494981789198,0.00014140554227851443
0.00014285636917644862,0.00014119159851186484
0.00014281516584950995,0.00014145754006335295
