train_losses,val_losses
0.017899465875947915,0.005974255344151918
0.0001621703693342819,0.00014354691067487043
0.00014637727299270215,0.00014290831664945603
0.0001451503455893544,0.00014255635769343697
0.00014453442814141388,0.00014511643246699221
0.00014407772109137958,0.00014269475966037655
0.00014376443476590858,0.00014141885266605772
0.00014350373769616453,0.00014226122084050335
0.00014326578170004527,0.0001445862336925919
0.00014305082201703954,0.00014095563080277965
