train_losses,val_losses
0.022437670684903963,0.007160386853312117
0.00016748133512630353,0.00014565837523765283
0.00014775652994377677,0.00014456453311855434
0.0001464222199842761,0.00014420842188227548
0.00014567759114489,0.0001422061879754646
0.00014515008949847033,0.00014354853422137942
0.0001447061757116052,0.00014295327490896067
0.00014434252638982056,0.00014215132361988125
0.0001440725396927551,0.00014127825907707126
0.00014384438007978786,0.00014249355383769228
