train_losses,val_losses
0.00828511991119339,0.0013370225464594272
0.00015903443401609618,0.00015066342197224614
0.00015348124153553405,0.00015484417118203823
0.00015122392550904212,0.00014695343385890856
0.00014995104896405428,0.0001452695842684088
0.00014904092243945422,0.00014855778710792913
0.0001485014495887844,0.00014828086889429664
0.00014794224632120405,0.00014371476557965178
0.00014742099289587112,0.00014671319379509515
0.00014701564158402854,0.00014372961782646145
