train_losses,val_losses
8.523682363105245,0.144992104765095
0.14629841722784287,0.14739439632779355
0.1462892818894898,0.1486739230198016
0.1462979978993004,0.14549492616742787
0.14627792842772078,0.14577247900067578
0.14629258768873496,0.14602947519297524
0.1462969596641182,0.14921452446012243
0.14561423212003477,0.14677802318486216
0.14560062133518284,0.14506504731033124
0.14561477290504077,0.145055974788488
