train_losses,val_losses
0.009248123219176401,0.002801421146095741
0.00021630792978764288,0.00017666469293385322
0.00017790974572892855,0.00018515571859935732
0.0001715720848317035,0.00017182125227170923
0.00016817298065380953,0.00017436427222718842
0.00016561186145205072,0.00015056352118686964
0.00016395638613570068,0.0001623512726013281
0.00016277392184461934,0.00015332093902184024
0.00016208686240390193,0.0001521552124953453
0.00016130053746715655,0.00014798045373858344
