train_losses,val_losses
0.024274272639330543,0.0007880691431238096
0.0001561665855074748,0.0001423094235113133
0.00014398371999831277,0.00014168775095125782
0.00014341231054979458,0.00014245940776446187
0.00014315218657672162,0.00014099486330063066
0.00014297076845126746,0.00014112542509107917
0.00014281431083579496,0.00014114147323499547
0.0001427119733124031,0.00014249747874092654
0.00014260215387798279,0.0001406796167778895
0.0001425095464912026,0.0001409003800958039
