train_losses,val_losses
0.013365824993899359,0.0005660474494952537
0.00015102087572380215,0.00014410195588597887
0.0001453181607730585,0.00014196159713125725
0.00014481294154136183,0.00014272114390841663
0.00014446108243063165,0.00014210025067000153
0.00014424296364585625,0.00014250035612473525
0.00014405475509491746,0.00014239706397707703
0.00014388706434973923,0.0001413587410966009
0.00014364866177809708,0.0001421312932483748
0.00014349644437063535,0.00014109741646320707
