train_losses,val_losses
0.02973837883472775,0.003705263941573711
0.00021908532356007982,0.0001500906272616638
0.0001487244875757158,0.000145073059941069
0.00014564084153948897,0.0001425664280284309
0.00014441321345794173,0.00014270800262904362
0.0001437540655004901,0.00014293507113260213
0.0001433083623384773,0.0001424033531191721
0.00014298591416792304,0.00014271425840737655
0.00014272865790271032,0.00014050832839690688
0.00014255952890508995,0.00014029599743589318
