train_losses,val_losses
0.006816562856328163,0.0005682026051166579
0.00015947239393235236,0.00015248481490063323
0.00015349311244966234,0.00014924918464614717
0.000151131947874358,0.00014881343035044755
0.00014986898851297657,0.0001443107211208094
0.00014904715069620445,0.00014527975693038299
0.00014836904283594971,0.0001465132178509547
0.000147858237945308,0.00014544706973414662
0.0001473223413241577,0.0001455638091685143
0.00014686909648265047,0.00015173771329531348
