train_losses,val_losses
0.01123462647191426,0.006997130040626253
0.00024004816941171846,0.00019961674441626632
0.00018444162870579481,0.00017416884846380336
0.00017695601001506276,0.0001897482134833667
0.00017208957795801955,0.00015112917597711941
0.00016953565057872483,0.00015333175107074026
0.00016712749600143712,0.00016533336710644017
0.00016567576357288556,0.00015625441391248947
0.00016461665119513495,0.0002071511149699598
0.00016392547819471453,0.00015539039430415984
