train_losses,val_losses
0.02015235424340872,0.0051936266052457275
0.00016332341441402176,0.00014644909577486972
0.0001464871589166467,0.0001441490620612212
0.0001452608066629421,0.0001448764409492558
0.0001445930253846885,0.00014305608007001897
0.00014421321413172762,0.00014311219700824078
0.00014388796403375084,0.00014083113684033397
0.00014361378613493437,0.00014257805528229974
0.00014342600438872435,0.0001404943449283881
0.00014322678523838691,0.00014094121569683616
