train_losses,val_losses
12.407750027930698,0.14493417679627243
0.14516981136600574,0.14560411137428658
0.14517917382156967,0.14505037492546496
0.14517455332674462,0.1464856194132123
0.1451734534760293,0.14517197753956987
0.14517797179927067,0.14501952294557877
0.14516829597030603,0.14517140469254705
0.14502946456377397,0.14491077561146956
0.1450293038959727,0.1448647459738018
0.1450278855623153,0.1448252870986038
