train_losses,val_losses
0.018566060867282696,0.0006599370211467018
0.00015541492999960162,0.0001431197089943602
0.00014433001349018458,0.00014180113783346783
0.00014353960330382997,0.0001422457795836739
0.000143163363058085,0.00014097216541877826
0.00014293003593303537,0.00014095606857276248
0.00014275311628469587,0.0001408169742255557
0.00014261940770328934,0.00014079912139730786
0.0001425071554466822,0.00014053520625506612
0.00014241243812200348,0.0001406605932558552
