train_losses,val_losses
0.04000728865654047,0.014563676440772702
0.00029781223949174496,0.00014986945571749747
0.00015174882377891083,0.00014893321375244483
0.00014897761707040552,0.0001454911241164395
0.00014763157570655392,0.00014566372530109789
0.00014686084727473544,0.00014327984099756053
0.0001463384676202003,0.00014221624573605728
0.00014586685834876338,0.00014295992532058102
0.00014555868690505717,0.00014111568751840983
0.00014518766415394732,0.0001423858662867158
