train_losses,val_losses
0.005974840140053337,0.000358064849970848
0.0001578937851285427,0.00015161926453086436
0.00015281873273876527,0.00014711624027007262
0.0001507985085171343,0.00015151243692789463
0.00014963163938829188,0.00014574441164081598
0.00014890972792616186,0.00014406955864095444
0.00014812441457205731,0.00015259591507225308
0.00014763638567835504,0.00014483012127296818
0.00014732915046212784,0.00014530810406392206
0.00014699151422482086,0.0001445735017453871
