train_losses,val_losses
0.014866510688407044,0.0032499365256096957
0.00016185441651777756,0.00015616935036850044
0.0001534182722313066,0.000157468209294288
0.00015175517619015272,0.00014645068298702572
0.00015075075353445766,0.00015149374364459203
0.000150016569576344,0.00015354514619249306
0.00014929416173026295,0.00014727826302132554
0.00014873899679910518,0.0001498143049810786
0.00014813375513072433,0.00014509885340112976
0.0001477296815228655,0.00014740240884209926
