train_losses,val_losses
0.019048871471788034,0.0006751391733007932
0.0001529802303584745,0.00014258600269010874
0.00014389206231395398,0.000141490124566986
0.00014344400391159197,0.00014131666999440878
0.0001432100263252855,0.0001409579780895715
0.00014305124201438482,0.00014102492570189525
0.00014293632481357673,0.0001411680605544147
0.00014282815177445068,0.00014055433602331397
0.00014276060519154404,0.00014131567914023083
0.00014270634139229558,0.00014129757533339402
